MSFT,1.0,378.75,378.2,12886,12926,3,-1.65,failure_to_follow,0.003995,-0.001452,0.3722,False,False,alpha,chop,chop,0.54,2.66,12,662.7,2026-04-13T15:14:21.961510+00:00
QQQ,1.0,612.13,612.162,12882,12934,5,0.16,stop_loss,0.001902,5.2e-05,0.3964,True,False,alpha,chop,chop,2.48,0.2,15,870.9,2026-04-13T15:16:37.470831+00:00
XLK,1.0,143.8333,143.89,12879,12998,27,1.53,max_holding_period,0.003074,0.000394,0.3963,True,False,alpha,chop,chop,5.31,6.68,30,1752.5,2026-04-13T15:30:25.113529+00:00
NVDA,1.0,189.32,188.56,12968,12998,11,-8.36,stop_loss,0.00405,-0.004014,0.392,False,False,alpha,chop,chop,0.0,4.28,6,379.1,2026-04-13T15:30:25.116368+00:00
MSFT,1.0,380.03,379.9333,13020,13130,6,-0.58,trailing_stop,0.00039,-0.000254,0.3378,False,False,alpha,chop,chop,4.86,4.97,24,1397.7,2026-04-13T15:58:20.343004+00:00
QQQ,1.0,611.835,611.17,13139,13154,6,-3.99,pyramid_cut_full_at_-3.5R,0.005691,-0.001087,0.3328,False,False,alpha,chop,chop,-0.87,3.89,3,190.4,2026-04-13T16:03:22.056260+00:00
XOM,1.0,154.1464,153.93,13162,13177,14,-3.03,pyramid_cut_full_at_-1.9R,0.006764,-0.001404,0.3315,False,False,alpha,chop,chop,-0.51,5.01,4,195.9,2026-04-13T16:08:22.333072+00:00
TSLA,1.0,352.785,352.14,13330,13354,4,-2.58,pyramid_cut_full_at_-1.3R,0.003396,-0.001828,0.3591,False,False,alpha,chop,chop,0.14,4.73,6,308.1,2026-04-13T16:46:17.275763+00:00
XOM,1.0,152.692,152.6,13404,13446,15,-1.38,pyramid_cut_full_at_-1.1R,0.017108,-0.000603,0.3944,False,False,alpha,chop,chop,1.17,4.68,10,545.5,2026-04-13T17:06:19.804562+00:00
XLK,1.0,144.5538,144.43,13639,13659,12,-1.49,pyramid_cut_full_at_-2.7R,0.015899,-0.000856,0.3032,False,False,alpha,chop,chop,-0.04,1.53,4,254.4,2026-04-13T17:51:21.224635+00:00
AMZN,1.0,239.13,238.97,13728,13740,14,-2.24,pyramid_cut_full_at_-1.2R,0.002967,-0.000669,0.3127,False,False,alpha,chop,chop,-1.12,5.75,4,196.5,2026-04-13T18:10:30.545228+00:00
AMZN,1.0,238.84,238.7625,13769,13819,6,-0.47,failure_to_follow,0.01471,-0.000324,0.3763,False,False,alpha,chop,chop,0.09,1.49,14,785.8,2026-04-13T18:31:18.107993+00:00
AAPL,1.0,258.06,258.0072,13788,13830,18,-0.95,pyramid_cut_partial_at_-1.0R,0.007613,-0.000205,0.33,False,False,alpha,chop,chop,1.62,4.22,12,659.3,2026-04-13T18:34:12.776030+00:00
QQQ,1.0,615.08,614.8543,13927,13950,1,-0.23,pyramid_cut_full_at_-1.1R,0.019167,-0.000367,0.4078,False,False,alpha,chop,chop,0.1,0.35,7,377.0,2026-04-13T19:06:32.447589+00:00
XLK,1.0,145.0291,145.13,13949,14056,46,4.64,max_holding_period,0.011826,0.000696,0.3316,True,False,alpha,chop,chop,6.48,5.2,30,1741.9,2026-04-13T19:35:16.940870+00:00
NVDA,1.0,188.6825,188.66,13967,14066,48,-1.08,trailing_stop,0.010808,-0.000119,0.3313,False,False,alpha,chop,chop,13.81,8.66,28,1621.8,2026-04-13T19:38:11.441387+00:00
TSLA,1.0,362.45,361.78,14476,14494,1,-0.67,pyramid_cut_full_at_-1.1R,0.003683,-0.001849,0.3203,False,False,alpha,chop,chop,-0.02,1.6,5,254.6,2026-04-14T14:42:28.734850+00:00
QQQ,1.0,623.45,623.77,14397,14525,2,0.64,max_holding_period,0.005457,0.000513,0.3051,True,False,alpha,chop,chop,1.02,1.24,30,1744.6,2026-04-14T14:49:20.085564+00:00
PSQ,1.0,29.85,29.84,14626,14640,108,-1.08,pyramid_cut_full_at_-1.2R,0.012881,-0.000335,0.3197,False,False,alpha,chop,chop,-0.54,4.49,4,185.7,2026-04-14T15:15:16.585365+00:00
QQQ,1.0,626.47,623.77,14996,15011,8,-21.6,pyramid_cut_full_at_-1.2R,0.014899,-0.00431,0.4029,False,False,alpha,chop,chop,-0.32,3.83,4,195.1,2026-04-14T16:36:20.499023+00:00
AAPL,1.0,258.69,258.0072,15048,15081,12,-8.19,take_profit,0.002228,-0.002639,0.3139,False,False,alpha,chop,chop,11.52,3.37,8,432.1,2026-04-14T16:51:23.722795+00:00
XLK,1.0,147.25,147.16,15084,15095,31,-2.79,pyramid_cut_full_at_-1.8R,0.011778,-0.000611,0.3706,False,False,alpha,chop,chop,-0.31,4.18,3,141.9,2026-04-14T16:54:26.015165+00:00
XLK,1.0,147.49,147.44,15221,15330,28,-1.4,max_holding_period,0.011554,-0.000339,0.3222,False,False,alpha,chop,chop,2.52,3.86,30,1744.2,2026-04-14T17:56:20.643817+00:00
QQQ,1.0,627.3656,627.36,15221,15330,9,-0.05,max_holding_period,0.011865,-9e-06,0.3227,False,False,alpha,chop,chop,2.69,3.27,30,1744.2,2026-04-14T17:56:20.648637+00:00
SPY,1.0,692.6967,692.2,15451,15466,6,-2.98,pyramid_cut_full_at_-1.6R,0.010902,-0.000717,0.5767,False,False,alpha,chop,chop,-0.4,4.08,4,195.0,2026-04-14T18:25:25.382586+00:00
XLK,1.0,147.21,147.11,15544,15559,27,-2.7,pyramid_cut_full_at_-1.6R,0.006167,-0.000679,0.3392,False,False,alpha,chop,chop,1.21,2.27,3,193.8,2026-04-14T18:45:23.570454+00:00
QQQ,1.0,626.27,626.32,15553,15620,6,0.3,stop_loss,0.00118,8e-05,0.3333,True,False,alpha,chop,chop,0.72,0.23,14,859.2,2026-04-14T18:58:23.995131+00:00
QQQ,1.0,630.7313,631.87,16024,16123,8,9.11,max_holding_period,0.032269,0.001805,0.4339,True,False,alpha,chop,chop,8.27,7.32,30,1770.3,2026-04-15T14:31:33.251825+00:00
SPY,1.0,695.8833,696.69,16034,16135,6,4.84,max_holding_period,0.025557,0.001159,0.3154,True,False,alpha,chop,chop,6.94,4.02,30,1736.7,2026-04-15T14:34:16.426784+00:00
QQQ,1.0,631.8875,631.87,16157,16290,8,-0.14,max_holding_period,0.006313,-2.8e-05,0.3969,False,False,alpha,chop,chop,7.42,5.56,30,1753.8,2026-04-15T15:08:19.790998+00:00
XLK,1.0,149.2805,149.36,16198,16331,19,1.51,max_holding_period,0.010011,0.000532,0.3187,True,False,alpha,chop,chop,2.65,3.63,30,1753.5,2026-04-15T15:17:24.399369+00:00
QQQ,1.0,632.9625,632.83,16321,16394,4,-0.53,failure_to_follow,0.009174,-0.000209,0.3613,False,False,alpha,chop,chop,1.45,2.49,17,982.8,2026-04-15T15:31:28.723678+00:00
XLK,1.0,149.4,149.23,16348,16398,18,-3.06,pyramid_cut_full_at_-2.4R,0.013109,-0.001138,0.3819,False,False,alpha,chop,chop,-0.18,3.69,12,678.5,2026-04-15T15:32:26.689556+00:00
QQQ,1.0,633.58,633.2933,16465,16511,6,-1.72,failure_to_follow,0.00936,-0.000452,0.3056,False,False,alpha,chop,chop,0.66,2.89,12,678.9,2026-04-15T15:58:26.899515+00:00
XLK,1.0,149.2032,149.19,16483,16527,19,-0.25,failure_to_follow,0.006528,-8.8e-05,0.3055,False,False,alpha,chop,chop,1.65,4.0,13,736.6,2026-04-15T16:03:20.641671+00:00
QQQ,1.0,634.03,633.7,16607,16622,7,-2.31,pyramid_cut_full_at_-1.6R,0.019841,-0.00052,0.4045,False,False,alpha,chop,chop,0.39,3.46,5,247.5,2026-04-15T16:30:17.277365+00:00
QQQ,1.0,632.53,632.0275,16660,16674,4,-2.01,pyramid_cut_full_at_-1.9R,0.012961,-0.000794,0.6029,False,False,alpha,chop,chop,0.56,2.25,5,262.9,2026-04-15T16:45:33.105747+00:00
SH,1.0,35.46,35.45,16692,16738,109,-1.09,trailing_stop,0.009273,-0.000282,0.3016,False,False,alpha,chop,chop,2.72,2.71,11,608.1,2026-04-15T17:00:18.738140+00:00
PSQ,1.0,29.45,29.42,16701,16738,100,-3.0,trailing_stop,0.014143,-0.001019,0.3472,False,False,alpha,chop,chop,1.0,5.6,9,488.6,2026-04-15T17:00:18.742719+00:00
SPY,1.0,697.4167,697.45,16843,16928,9,0.3,trailing_stop,0.008378,4.8e-05,0.3478,True,False,alpha,chop,chop,5.16,3.41,19,1088.7,2026-04-15T17:41:20.087656+00:00
QQQ,1.0,634.7056,635.4761,17112,17248,18,13.87,max_holding_period,0.008166,0.001214,0.3644,True,False,alpha,chop,chop,12.59,10.42,30,1755.5,2026-04-15T18:50:21.519163+00:00
SPY,1.0,699.79,699.426,17289,17303,5,-1.82,pyramid_cut_full_at_-1.5R,0.008011,-0.00052,0.31,False,False,alpha,chop,chop,-0.12,2.13,4,186.1,2026-04-15T19:02:15.202800+00:00
XLK,1.0,149.82,149.87,17326,17396,22,1.1,stop_loss,0.009301,0.000334,0.4304,True,False,alpha,chop,chop,1.98,0.28,15,912.1,2026-04-15T19:22:26.015788+00:00
QQQ,1.0,636.84,636.62,17467,17477,7,-1.54,pyramid_cut_full_at_-1.5R,0.010436,-0.000345,0.3709,False,False,alpha,chop,chop,0.21,2.96,4,180.9,2026-04-15T19:42:15.003917+00:00
IWM,1.0,268.65,261.73,17775,17786,6,-41.52,pyramid_cut_full_at_-1.7R,0.000281,-0.025758,0.375,False,False,alpha,chop,chop,0.12,3.14,3,140.1,2026-04-16T14:21:23.619060+00:00
QQQ,1.0,640.55,640.4,18050,18070,3,-0.45,trailing_stop,0.00123,-0.000234,0.3341,False,False,alpha,chop,chop,2.31,2.5,8,420.3,2026-04-16T15:43:11.395076+00:00
XLK,1.0,151.725,151.61,18076,18092,5,-0.57,pyramid_cut_full_at_-1.2R,0.000882,-0.000758,0.306,False,False,alpha,chop,chop,0.38,1.52,6,319.2,2026-04-16T15:50:23.932538+00:00
QQQ,1.0,640.6225,641.96,18082,18173,4,5.35,max_holding_period,0.000863,0.002088,0.398,True,False,alpha,chop,chop,5.55,2.8,30,1740.8,2026-04-16T16:16:07.829860+00:00
XLK,1.0,152.12,151.89,18176,18200,13,-2.99,stop_loss,0.00117,-0.001512,0.4123,False,False,alpha,chop,chop,0.52,1.72,8,451.2,2026-04-16T16:24:35.785424+00:00
AMZN,1.0,248.6756,248.18,18120,18230,9,-4.46,stop_loss,0.001056,-0.001993,0.3718,False,False,alpha,chop,chop,2.7,2.55,34,2046.9,2026-04-16T16:33:18.710824+00:00
WMT,1.0,124.95,124.9,18235,18271,17,-0.85,failure_to_follow,0.000787,-0.0004,0.4107,False,False,alpha,chop,chop,1.53,2.61,12,680.6,2026-04-16T16:46:30.289452+00:00
XOM,1.0,152.5748,152.48,18362,18480,31,-2.94,stop_loss,0.0009,-0.000622,0.3165,False,False,alpha,chop,chop,5.74,1.07,26,1584.9,2026-04-16T17:35:30.685815+00:00
NVDA,1.0,198.51,198.2,18465,18484,6,-1.86,pyramid_cut_full_at_-1.9R,2.4e-05,-0.001562,0.3986,False,False,alpha,chop,chop,-0.0,2.43,5,259.3,2026-04-16T17:36:29.555978+00:00
AMZN,1.0,248.94,249.2243,18429,18541,4,1.14,max_holding_period,0.000796,0.001142,0.3458,True,False,alpha,chop,chop,2.35,0.91,30,1753.7,2026-04-16T17:53:26.684682+00:00
QQQ,1.0,640.0375,639.69,18483,18550,4,-1.39,pyramid_cut_full_at_-1.2R,0.000775,-0.000543,0.3346,False,False,alpha,chop,chop,3.25,2.71,21,1198.2,2026-04-16T17:56:11.100178+00:00
SPY,1.0,700.84,700.2175,18574,18591,4,-2.49,pyramid_cut_full_at_-1.4R,0.000576,-0.000888,0.411,False,False,alpha,chop,chop,0.11,3.1,6,322.8,2026-04-16T18:09:37.267168+00:00
QQQ,1.0,638.735,639.65,18667,18762,4,3.66,max_holding_period,0.000581,0.001433,0.4346,True,False,alpha,chop,chop,3.77,2.9,30,1759.5,2026-04-16T19:03:24.775098+00:00
NVDA,1.0,198.14,198.23,18719,18774,7,0.63,stop_loss,0.000926,0.000454,0.3164,True,False,alpha,chop,chop,1.75,0.6,17,1020.6,2026-04-16T19:07:16.269009+00:00
SPY,1.0,700.7433,701.07,18722,18816,6,1.96,max_holding_period,0.000782,0.000466,0.3056,True,False,alpha,chop,chop,2.02,2.41,30,1763.9,2026-04-16T19:20:38.382373+00:00
XLE,1.0,56.6,56.59,18799,18839,55,-0.55,stop_loss,0.000354,-0.000177,0.3084,False,False,alpha,chop,chop,0.27,0.41,12,730.9,2026-04-16T19:27:30.968815+00:00
QQQ,1.0,646.925,646.39,19145,19195,2,-1.07,pyramid_cut_full_at_-1.1R,0.001525,-0.000827,0.3245,False,False,alpha,chop,chop,0.85,2.07,12,677.4,2026-04-17T14:24:22.981629+00:00
SPY,1.0,709.1175,710.6675,19141,19267,4,6.2,max_holding_period,0.001311,0.002186,0.313,True,False,alpha,chop,chop,4.85,0.25,30,1750.1,2026-04-17T14:41:20.512705+00:00
AMZN,1.0,254.42,254.31,19203,19306,1,-0.11,trailing_stop,0.001703,-0.000432,0.3834,False,False,alpha,chop,chop,1.68,0.63,25,1449.9,2026-04-17T14:50:19.499053+00:00
SPY,1.0,710.97,710.27,19309,19332,4,-2.8,stop_loss,0.000868,-0.000985,0.3837,False,False,alpha,chop,chop,1.08,1.69,5,312.3,2026-04-17T14:56:17.583882+00:00
QQQ,1.0,647.9233,648.8433,19228,19349,3,2.76,max_holding_period,0.001615,0.00142,0.3701,True,False,alpha,chop,chop,4.16,2.73,30,1752.8,2026-04-17T15:01:21.447191+00:00
NVDA,1.0,200.76,200.6933,19380,19424,6,-0.4,failure_to_follow,0.000681,-0.000332,0.3826,False,False,alpha,chop,chop,0.18,3.0,15,848.1,2026-04-17T15:26:25.990691+00:00
QQQ,1.0,648.9625,649.085,19383,19472,4,0.49,max_holding_period,0.000864,0.000189,0.3259,True,False,alpha,chop,chop,3.35,3.34,30,1760.0,2026-04-17T15:42:36.032283+00:00
AMZN,1.0,254.01,253.96,19468,19506,4,-0.2,failure_to_follow,0.000642,-0.000197,0.3723,False,False,alpha,chop,chop,0.32,1.89,13,740.9,2026-04-17T15:53:39.394899+00:00
NVDA,1.0,201.06,200.9014,19474,19515,1,-0.16,stop_loss,0.000334,-0.000789,0.3341,False,False,alpha,chop,chop,0.28,0.06,13,791.4,2026-04-17T15:56:24.514914+00:00
QQQ,1.0,649.32,648.655,19567,19584,4,-2.66,stop_loss,0.001025,-0.001024,0.3745,False,False,alpha,chop,chop,0.36,2.5,5,322.2,2026-04-17T16:18:30.419254+00:00
SPY,1.0,711.0163,711.44,19526,19620,8,3.39,max_holding_period,0.001014,0.000596,0.3209,True,False,alpha,chop,chop,4.47,4.93,30,1765.4,2026-04-17T16:29:32.404427+00:00
SPY,1.0,712.0733,711.99,19630,19709,6,-0.5,stop_loss,0.000986,-0.000117,0.3312,False,False,alpha,chop,chop,1.66,0.65,25,1480.7,2026-04-17T16:57:51.238315+00:00
AMZN,1.0,253.91,253.7422,19761,19815,9,-1.51,pyramid_cut_full_at_-1.1R,0.001001,-0.000661,0.3712,False,False,alpha,chop,chop,0.23,1.29,12,736.1,2026-04-17T17:22:21.096002+00:00
XLE,1.0,54.604,54.78,19719,19845,90,15.84,max_holding_period,0.000427,0.003223,0.3436,True,False,alpha,chop,chop,17.19,8.14,30,1758.5,2026-04-17T17:29:25.157957+00:00
XLE,1.0,54.8,54.78,19856,19907,42,-0.84,pyramid_cut_partial_at_-0.8R,0.001306,-0.000365,0.4048,False,False,alpha,chop,chop,1.26,0.32,12,733.3,2026-04-17T17:44:16.940213+00:00
QQQ,1.0,648.5433,648.32,19932,19957,3,-0.67,pyramid_cut_full_at_-1.1R,0.00074,-0.000344,0.4015,False,False,alpha,chop,chop,0.35,2.35,9,488.2,2026-04-17T18:00:22.000734+00:00
QQQ,1.0,648.475,647.67,19963,19975,2,-1.61,pyramid_cut_full_at_-2.4R,0.000946,-0.001241,0.3586,False,False,alpha,chop,chop,-0.01,1.28,5,259.3,2026-04-17T18:06:37.541785+00:00
NVDA,1.0,201.1083,201.21,20204,20331,30,3.05,max_holding_period,0.00081,0.000506,0.3217,True,False,alpha,chop,chop,10.7,7.14,30,1753.5,2026-04-17T19:38:17.715950+00:00
QQQ,1.0,647.572,648.276,20213,20340,15,10.56,max_holding_period,0.000511,0.001087,0.5273,True,False,alpha,chop,chop,11.07,8.29,30,1748.3,2026-04-17T19:40:18.803112+00:00
QQQ,1.0,647.72,648.276,20434,20437,5,2.78,reconciliation_adjustment,0.001445,0.000858,0.3756,True,False,alpha,chop,chop,0.0,2.65,0,37.7,2026-04-20T13:28:49.279528+00:00
QQQ,1.0,647.384,646.61,20448,20473,5,-3.87,trailing_stop,0.01,-0.001196,0.5,False,False,,unknown,chop,5.03,3.71,9,0.0,2026-04-20T13:40:13.472047+00:00
NVDA,1.0,199.62,199.055,20567,20586,3,-1.69,stop_loss,0.000538,-0.00283,0.4809,False,False,alpha,chop,chop,0.67,1.1,6,378.3,2026-04-20T14:17:31.079589+00:00
AAPL,1.0,273.59,273.38,20558,20593,3,-0.63,stop_loss,0.000819,-0.000768,0.3794,False,False,alpha,chop,chop,0.76,0.57,12,686.9,2026-04-20T14:19:43.260668+00:00
QQQ,1.0,647.0433,646.3267,20567,20593,3,-2.15,stop_loss,0.001201,-0.001108,0.3398,False,False,alpha,chop,chop,0.8,2.43,9,510.5,2026-04-20T14:19:43.263965+00:00
SPY,1.0,708.005,707.7,20665,20695,4,-1.22,pyramid_cut_full_at_-1.2R,0.001235,-0.000431,0.3096,False,False,alpha,chop,chop,2.66,2.56,11,596.4,2026-04-20T14:53:05.789317+00:00
SPY,1.0,707.9,707.27,20816,20844,2,-1.26,pyramid_cut_full_at_-1.3R,0.000626,-0.00089,0.4228,False,False,alpha,chop,chop,0.07,2.07,7,370.9,2026-04-20T15:37:18.270370+00:00
QQQ,1.0,644.74,644.5733,20834,20886,3,-0.5,failure_to_follow,0.000528,-0.000259,0.3847,False,False,alpha,chop,chop,1.26,3.5,12,680.4,2026-04-20T15:46:25.413511+00:00
NVDA,1.0,198.88,198.5314,20843,20904,7,-2.44,pyramid_cut_full_at_-1.7R,0.000723,-0.001753,0.4113,False,False,alpha,chop,chop,2.59,3.08,14,797.2,2026-04-20T15:50:22.611565+00:00
NVDA,1.0,199.2519,199.4238,21032,21167,21,3.61,max_holding_period,0.000753,0.000863,0.3535,True,False,alpha,chop,chop,6.68,5.51,30,1753.4,2026-04-20T16:47:20.349576+00:00
AAPL,1.0,272.57,272.18,21338,21357,11,-4.29,stop_loss,0.000813,-0.001431,0.407,False,False,alpha,chop,chop,-0.11,3.44,4,245.2,2026-04-20T17:28:15.847560+00:00
NVDA,1.0,199.5433,199.52,21278,21367,18,-0.42,trailing_stop,0.000815,-0.000117,0.3645,False,False,alpha,chop,chop,4.08,5.03,20,1152.5,2026-04-20T17:30:26.366176+00:00
QQQ,1.0,645.69,645.4,21301,21371,7,-2.03,pyramid_cut_full_at_-1.4R,0.000994,-0.000449,0.3039,False,False,alpha,chop,chop,2.45,3.38,16,905.0,2026-04-20T17:31:17.423244+00:00
XLE,1.0,55.44,55.4,21528,21575,81,-3.24,pyramid_cut_full_at_-1.5R,0.000724,-0.000722,0.3124,False,False,alpha,chop,chop,2.03,3.38,11,611.7,2026-04-20T18:15:23.173308+00:00
QQQ,1.0,646.368,646.1,21648,21686,3,-0.8,pyramid_cut_full_at_-1.1R,0.000818,-0.000415,0.3605,False,False,alpha,chop,chop,0.22,1.83,9,491.9,2026-04-20T18:39:20.629389+00:00
NVDA,1.0,200.49,200.8569,21611,21747,29,10.64,max_holding_period,0.000851,0.00183,0.3074,True,False,alpha,chop,chop,12.32,6.78,30,1752.8,2026-04-20T18:52:22.338695+00:00
QQQ,1.0,646.48,646.43,21722,21784,6,-0.3,failure_to_follow,0.000812,-7.7e-05,0.3464,False,False,alpha,chop,chop,1.68,2.77,14,797.7,2026-04-20T19:00:22.045881+00:00
NVDA,1.0,200.955,201.04,21783,21919,28,2.38,max_holding_period,0.000948,0.000423,0.3625,True,False,alpha,chop,chop,6.58,5.87,30,1751.6,2026-04-20T19:29:17.194464+00:00
NVDA,1.0,201.415,202.05,21932,22054,12,7.62,eod_flatten,0.000717,0.003153,0.3496,True,False,alpha,chop,chop,7.44,3.49,27,1570.9,2026-04-20T19:58:16.137019+00:00
QQQ,1.0,649.09,649.02,22212,22275,3,-0.21,trailing_stop,0.000591,-0.000108,0.3267,False,False,alpha,chop,chop,2.7,3.07,17,983.3,2026-04-21T14:21:27.007022+00:00
QQQ,1.0,648.925,648.585,22324,22365,4,-1.36,failure_to_follow,0.00101,-0.000524,0.4291,False,False,alpha,chop,chop,1.78,3.19,12,676.9,2026-04-21T14:45:27.965622+00:00
NVDA,1.0,201.7117,201.65,22364,22413,6,-0.37,failure_to_follow,0.000453,-0.000306,0.3233,False,False,alpha,chop,chop,0.86,2.38,13,735.8,2026-04-21T14:57:30.896895+00:00
XLE,1.0,55.0877,55.41,22338,22437,31,9.99,take_profit,0.0002,0.00585,0.4516,True,False,alpha,chop,chop,9.06,1.03,27,1563.9,2026-04-21T15:04:19.519891+00:00
QQQ,1.0,647.15,646.62,22459,22524,3,-1.59,stop_loss,0.000979,-0.000819,0.3954,False,False,alpha,chop,chop,1.8,0.55,16,972.6,2026-04-21T15:26:25.107405+00:00
NVDA,1.0,201.3222,201.07,22515,22566,9,-2.27,pyramid_cut_full_at_-2.2R,0.00085,-0.001253,0.4355,False,False,alpha,chop,chop,0.43,3.74,14,792.9,2026-04-21T15:37:26.174652+00:00
XLE,1.0,55.4667,55.42,22646,22730,42,-1.96,pyramid_cut_full_at_-1.2R,0.000943,-0.000841,0.3402,False,False,alpha,chop,chop,2.45,3.47,22,1272.3,2026-04-21T16:20:27.710555+00:00
QQQ,1.0,646.655,646.1525,22709,22747,4,-2.01,pyramid_cut_full_at_-1.2R,0.000574,-0.000777,0.3902,False,False,alpha,chop,chop,1.14,4.16,10,563.5,2026-04-21T16:24:25.976708+00:00
XLE,1.0,55.74,55.71,22938,22952,38,-1.14,pyramid_cut_full_at_-1.3R,0.000612,-0.000538,0.3171,False,False,alpha,chop,chop,-0.38,4.54,6,324.9,2026-04-21T17:29:27.575374+00:00
XLE,1.0,55.74,55.5603,22971,22984,37,-6.65,pyramid_cut_full_at_-3.3R,0.000493,-0.003224,0.3283,False,False,alpha,chop,chop,-0.19,4.64,5,307.4,2026-04-21T17:41:10.495792+00:00
NVDA,1.0,199.745,199.6,23006,23070,6,-0.87,stop_loss,0.000465,-0.000726,0.3074,False,False,alpha,chop,chop,0.42,0.17,16,977.0,2026-04-21T18:04:27.413318+00:00
SPY,1.0,706.12,706.1967,23001,23070,3,0.23,stop_loss,0.000384,0.000109,0.3016,True,False,alpha,chop,chop,0.81,0.62,17,1046.1,2026-04-21T18:04:27.415798+00:00
QQQ,1.0,645.8,645.67,23006,23124,3,-0.39,max_holding_period,0.000529,-0.000201,0.3641,False,False,alpha,chop,chop,1.74,0.11,30,1759.1,2026-04-21T18:17:29.519295+00:00
XLE,1.0,55.7859,55.78,23135,23234,35,-0.21,trailing_stop,0.000492,-0.000105,0.4298,False,False,alpha,chop,chop,2.42,2.72,28,1645.8,2026-04-21T18:47:38.622091+00:00
NVDA,1.0,200.58,200.54,23263,23312,8,-0.32,pyramid_cut_partial_at_-0.7R,0.000361,-0.000199,0.3367,False,False,alpha,chop,chop,1.6,4.8,18,1043.9,2026-04-21T19:15:30.419901+00:00
SPY,1.0,703.7533,703.9433,23398,23438,3,0.57,failure_to_follow,0.000517,0.00027,0.5757,True,False,alpha,chop,chop,1.37,4.61,12,683.2,2026-04-21T19:54:32.344981+00:00
QQQ,1.0,650.14,645.67,23463,23466,4,-17.88,reconciliation_adjustment,0.000506,-0.006875,0.3342,False,False,alpha,chop,chop,0.0,2.85,0,40.0,2026-04-22T13:28:52.131068+00:00
QQQ,1.0,649.7775,648.83,23477,23491,4,-3.79,stop_loss,0.01,-0.001458,0.5,False,False,,unknown,chop,0.29,3.85,3,0.0,2026-04-22T13:35:34.731058+00:00
NVDA,1.0,201.4292,201.43,23791,23895,12,0.01,trailing_stop,0.000898,4e-06,0.3435,True,False,alpha,chop,chop,4.39,4.86,29,1688.3,2026-04-22T15:32:21.191894+00:00
QQQ,1.0,652.485,652.8475,23809,23924,4,1.45,max_holding_period,0.001297,0.000556,0.3698,True,False,alpha,chop,chop,2.58,3.07,30,1743.6,2026-04-22T15:39:19.597435+00:00
QQQ,1.0,653.11,652.145,23936,23950,4,-3.86,pyramid_cut_full_at_-3.2R,0.001238,-0.001478,0.4178,False,False,alpha,chop,chop,-0.16,3.03,3,200.1,2026-04-22T15:45:21.720436+00:00
QQQ,1.0,652.7333,652.67,24006,24028,1,-0.06,pyramid_cut_partial_at_-0.7R,0.000642,-9.7e-05,0.3577,False,False,alpha,chop,chop,0.07,0.57,6,310.6,2026-04-22T16:03:20.530251+00:00
NVDA,1.0,201.29,201.2,24027,24077,8,-0.72,failure_to_follow,0.000836,-0.000447,0.3556,False,False,alpha,chop,chop,0.72,2.83,12,671.9,2026-04-22T16:14:18.848066+00:00
NVDA,1.0,201.3,201.03,24117,24148,2,-0.54,pyramid_cut_full_at_-1.5R,0.00055,-0.001341,0.3633,False,False,alpha,chop,chop,0.01,0.67,8,436.7,2026-04-22T16:30:29.878592+00:00
QQQ,1.0,652.42,652.2167,24147,24218,6,-1.22,pyramid_cut_partial_at_-0.8R,0.000801,-0.000312,0.4332,False,False,alpha,chop,chop,2.16,3.13,17,970.8,2026-04-22T16:46:22.039872+00:00
NVDA,1.0,201.1799,201.71,24262,24327,11,5.83,take_profit,0.000715,0.002635,0.3743,True,False,alpha,chop,chop,6.22,2.27,16,906.8,2026-04-22T17:11:15.856875+00:00
QQQ,1.0,652.8362,653.8212,24275,24403,8,7.88,max_holding_period,0.000542,0.001509,0.3511,True,False,alpha,chop,chop,11.07,0.98,30,1758.9,2026-04-22T17:28:23.224445+00:00
NVDA,1.0,201.8162,201.9186,24362,24491,21,2.15,max_holding_period,0.000806,0.000507,0.3065,True,False,alpha,chop,chop,7.33,6.03,30,1759.9,2026-04-22T17:48:24.082020+00:00
QQQ,1.0,654.07,653.64,24516,24544,4,-1.72,pyramid_cut_full_at_-1.3R,0.000739,-0.000657,0.3112,False,False,alpha,chop,chop,-0.16,2.33,7,381.3,2026-04-22T18:00:27.938833+00:00
NVDA,1.0,202.25,202.23,24516,24579,10,-0.2,failure_to_follow,0.000962,-9.9e-05,0.3098,False,False,alpha,chop,chop,2.2,2.82,15,854.0,2026-04-22T18:08:20.637365+00:00
QQQ,1.0,653.864,653.7,24551,24610,3,-0.49,failure_to_follow,0.001085,-0.000251,0.3482,False,False,alpha,chop,chop,0.41,1.5,14,791.7,2026-04-22T18:15:17.890174+00:00
NVDA,1.0,202.154,201.94,24591,24628,10,-2.14,pyramid_cut_full_at_-1.3R,0.001054,-0.001059,0.3776,False,False,alpha,chop,chop,0.48,3.46,9,498.3,2026-04-22T18:19:19.670402+00:00
XLE,1.0,56.51,56.52,24676,24752,54,0.54,trailing_stop,0.000596,0.000177,0.3217,True,False,alpha,chop,chop,4.05,2.57,18,1031.5,2026-04-22T18:47:24.266058+00:00
QQQ,1.0,653.44,652.584,24796,24814,5,-4.28,pyramid_cut_full_at_-3.6R,0.000767,-0.00131,0.4302,False,False,alpha,chop,chop,0.17,2.03,4,254.6,2026-04-22T19:01:21.530831+00:00
XLE,1.0,56.61,56.53,24831,24854,13,-1.04,pyramid_cut_full_at_-2.5R,0.000639,-0.001413,0.4599,False,False,alpha,chop,chop,-0.07,0.86,6,308.6,2026-04-22T19:10:17.866186+00:00
XLE,1.0,56.594,56.59,24862,24991,120,-0.48,max_holding_period,0.000304,-7.1e-05,0.3189,False,False,alpha,chop,chop,6.72,7.41,30,1763.6,2026-04-22T19:41:29.249304+00:00
XOM,1.0,150.07,149.835,25289,25330,2,-0.47,pyramid_cut_full_at_-1.2R,0.003,-0.001566,0.5763,False,False,alpha+breakout,chop,chop,0.32,0.96,10,549.0,2026-04-23T14:26:21.000839+00:00
WMT,1.0,131.37,131.24,25347,25371,7,-0.91,pyramid_cut_partial_at_-0.8R,0.003,-0.00099,0.5515,False,False,alpha+breakout,chop,chop,1.05,2.24,6,311.9,2026-04-23T14:35:21.250219+00:00
QQQ,1.0,653.7333,653.44,25320,25403,6,-1.76,stop_loss,0.003,-0.000449,0.7034,False,False,alpha+breakout,chop,chop,4.71,0.27,18,1097.2,2026-04-23T14:42:22.787711+00:00
AMD,1.0,308.18,308.54,25471,25605,2,0.72,max_holding_period,0.003,0.001168,0.56,True,False,alpha+breakout,chop,chop,2.49,3.02,30,1752.3,2026-04-23T15:26:20.229463+00:00
AVGO,1.0,428.4,428.56,25618,25637,1,0.16,ml_reversal,0.000449,0.000373,0.3849,True,False,alpha,chop,chop,0.13,1.49,5,246.8,2026-04-23T15:33:18.260927+00:00
TSLA,1.0,377.475,377.75,25517,25651,2,0.55,max_holding_period,0.001098,0.000729,0.4505,True,False,alpha+breakout,chop,chop,1.79,2.01,30,1744.1,2026-04-23T15:36:17.722136+00:00
AAPL,1.0,274.11,273.62,25627,25679,7,-3.43,failure_to_follow,0.003,-0.001788,0.6975,False,False,alpha+breakout,chop,chop,1.54,3.38,12,673.1,2026-04-23T15:42:23.747971+00:00
XLK,1.0,157.57,157.2977,25655,25698,13,-3.54,stop_loss,0.003,-0.001728,0.5675,False,False,alpha+breakout,chop,chop,0.44,3.1,10,558.6,2026-04-23T15:46:27.800009+00:00
XLE,1.0,56.64,56.64,25655,25731,32,0.0,stop_loss,0.003,0.0,0.5837,False,False,alpha+breakout,chop,chop,1.28,0.08,16,975.2,2026-04-23T15:53:24.412448+00:00
CRM,1.0,173.01,173.24,25753,25810,5,1.15,stop_loss,0.001137,0.001329,0.5357,True,False,alpha,chop,chop,2.13,0.14,13,734.9,2026-04-23T16:10:25.754039+00:00
IWM,1.0,276.69,276.43,25818,25870,7,-1.82,failure_to_follow,0.000106,-0.00094,0.362,False,False,alpha,chop,chop,1.01,2.75,12,663.5,2026-04-23T16:23:16.748930+00:00
IWM,1.0,276.7387,276.78,25939,26004,16,0.66,failure_to_follow,0.003,0.000149,0.7034,True,False,alpha+breakout,chop,chop,2.58,5.26,15,847.3,2026-04-23T16:52:15.207244+00:00
CRM,1.0,172.74,172.3317,26027,26060,6,-2.45,stop_loss,0.000688,-0.002364,0.487,False,False,alpha,chop,chop,0.84,2.52,7,434.2,2026-04-23T17:04:24.391549+00:00
AVGO,1.0,426.12,424.85,26036,26064,3,-3.81,pyramid_cut_full_at_-3.1R,0.003,-0.00298,0.5714,False,False,alpha+breakout,chop,chop,1.5,2.8,6,374.2,2026-04-23T17:05:21.979422+00:00
META,1.0,660.62,659.65,26137,26152,2,-1.94,pyramid_cut_full_at_-1.1R,0.000932,-0.001468,0.5519,False,False,alpha,chop,chop,-0.84,4.94,4,193.4,2026-04-23T17:24:24.595065+00:00
XOM,1.0,150.0962,150.27,26375,26509,8,1.39,max_holding_period,9.8e-05,0.001158,0.3432,True,False,alpha,chop,chop,1.63,0.83,30,1756.9,2026-04-23T18:42:23.860657+00:00
XOM,1.0,150.32,150.2244,26545,26559,9,-0.86,pyramid_cut_full_at_-1.5R,0.003,-0.000636,0.5509,False,False,alpha+breakout,chop,chop,-0.18,2.31,4,182.8,2026-04-23T18:53:14.626763+00:00
XOM,1.0,150.26,150.22,26596,26671,17,-0.68,stop_loss,0.003,-0.000266,0.6171,False,False,alpha+breakout,chop,chop,0.26,0.08,16,964.2,2026-04-23T19:17:15.491063+00:00
IWM,1.0,274.66,275.15,26591,26727,7,3.43,max_holding_period,0.003,0.001784,0.6314,True,False,alpha+breakout,chop,chop,3.29,0.56,30,1749.8,2026-04-23T19:29:14.696408+00:00
SPY,1.0,707.22,708.37,26596,26732,2,2.3,max_holding_period,0.001399,0.001626,0.4788,True,False,alpha,chop,chop,2.8,1.64,30,1748.3,2026-04-23T19:30:19.537069+00:00
QQQ,1.0,650.138,650.18,26759,26816,5,0.21,stop_loss,0.003,6.5e-05,0.6523,True,False,alpha+breakout,chop,chop,1.88,0.42,12,731.9,2026-04-23T19:48:21.774891+00:00
AVGO,1.0,419.0125,418.7,26759,26835,4,-1.25,stop_loss,0.003,-0.000746,0.6563,False,False,alpha+breakout,chop,chop,0.41,0.35,17,975.4,2026-04-23T19:52:25.319037+00:00
NVDA,1.0,199.9943,201.94,26876,26879,10,19.46,reconciliation_adjustment,0.003,0.009729,0.5856,True,False,alpha+breakout,chop,chop,0.0,4.71,0,37.7,2026-04-24T13:28:47.295862+00:00
AMZN,1.0,259.52,255.21,26876,26879,5,-21.55,reconciliation_adjustment,0.003,-0.016608,0.616,False,False,alpha+breakout,chop,chop,0.0,6.25,0,37.7,2026-04-24T13:28:47.299397+00:00
NVDA,1.0,200.35,202.69,26885,26905,1,2.34,ml_reversal,0.01,0.01168,0.5,True,False,,unknown,chop,2.2,0.69,4,0.0,2026-04-24T13:34:27.330792+00:00
AMZN,1.0,258.708,258.91,26888,26946,5,1.01,trailing_stop,0.01,0.000781,0.5,True,False,,unknown,high_vol,9.61,0.43,13,0.0,2026-04-24T13:43:22.688636+00:00
LLY,1.0,887.45,883.0,27024,27065,1,-4.45,stop_loss,0.001219,-0.005014,0.4474,False,False,alpha,chop,chop,0.83,3.4,9,544.2,2026-04-24T14:09:18.803729+00:00
SPY,1.0,709.7825,709.645,27033,27150,4,-0.55,failure_to_follow,0.000687,-0.000194,0.3296,False,False,alpha,chop,chop,3.11,4.54,27,1571.0,2026-04-24T14:28:23.814975+00:00
AVGO,1.0,414.28,413.0,27104,27172,1,-1.28,failure_to_follow,0.002401,-0.00309,0.4269,False,False,alpha,chop,chop,-0.04,2.19,16,909.1,2026-04-24T14:33:15.078390+00:00
NVDA,1.0,205.15,208.06,27211,27281,4,11.64,take_profit,0.003,0.014185,0.6046,True,False,alpha+breakout,chop,chop,10.96,4.5,16,920.1,2026-04-24T14:57:25.023465+00:00
XLK,1.0,158.74,159.4733,27153,27285,3,2.2,max_holding_period,0.000804,0.00462,0.669,True,False,alpha+breakout,chop,chop,2.34,1.15,30,1752.7,2026-04-24T14:58:16.951928+00:00
AVGO,1.0,416.925,418.745,27211,27345,2,3.64,max_holding_period,0.003,0.004365,0.6407,True,False,alpha+breakout,chop,chop,3.85,2.11,30,1755.6,2026-04-24T15:11:20.446679+00:00
XLE,1.0,56.7,56.6,27321,27350,40,-4.0,stop_loss,0.003,-0.001764,0.6003,False,False,alpha+breakout,chop,chop,0.4,3.0,6,376.6,2026-04-24T15:12:24.920054+00:00
LLY,1.0,882.08,880.01,27412,27427,1,-2.07,pyramid_cut_full_at_-1.2R,0.003,-0.002347,0.5767,False,False,alpha+breakout,chop,chop,-0.58,4.22,4,195.1,2026-04-24T15:29:23.703959+00:00
XLK,1.0,159.8381,159.71,27503,27605,16,-2.05,stop_loss,0.003,-0.000802,0.71,False,False,alpha+breakout,chop,chop,4.35,0.45,22,1334.2,2026-04-24T16:08:20.453871+00:00
AMZN,1.0,262.27,262.5171,27503,27638,7,1.73,max_holding_period,0.003,0.000942,0.6941,True,False,alpha+breakout,chop,chop,4.69,5.91,30,1759.3,2026-04-24T16:15:25.550373+00:00
META,1.0,675.53,674.06,27604,27642,1,-1.47,pyramid_cut_full_at_-2.3R,0.003,-0.002176,0.6032,False,False,alpha+breakout,chop,chop,0.07,1.56,9,489.9,2026-04-24T16:16:17.538690+00:00
TSLA,1.0,374.52,374.39,27641,27693,1,-0.13,failure_to_follow,0.001237,-0.000347,0.4484,False,False,alpha,chop,chop,0.9,1.55,12,670.3,2026-04-24T16:27:14.915977+00:00
NVDA,1.0,209.92,209.9567,27688,27824,6,0.22,trailing_stop,0.003,0.000175,0.5821,True,False,alpha+breakout,chop,chop,5.52,3.87,30,1755.2,2026-04-24T16:55:25.790552+00:00
AAPL,1.0,270.51,270.13,27832,27874,10,-3.8,stop_loss,0.003,-0.001405,0.5951,False,False,alpha+breakout,chop,chop,0.35,3.14,9,547.2,2026-04-24T17:06:17.269014+00:00
GOOGL,1.0,343.8575,343.3075,27846,27935,4,-2.2,stop_loss,0.003,-0.001599,0.5698,False,False,alpha+breakout,chop,chop,1.19,1.92,19,1148.1,2026-04-24T17:19:22.534524+00:00
AVGO,1.0,420.47,419.24,27938,27954,4,-4.92,stop_loss,0.003,-0.002925,0.7148,False,False,alpha+breakout,chop,chop,-0.16,3.99,4,205.2,2026-04-24T17:23:27.614326+00:00
XOM,1.0,147.3428,147.34,27901,28023,25,-0.07,trailing_stop,0.003,-1.9e-05,0.5525,False,False,alpha+breakout,chop,chop,5.43,4.32,27,1570.5,2026-04-24T17:38:17.867090+00:00
TSLA,1.0,376.0744,376.5722,27985,28121,9,4.48,max_holding_period,0.003,0.001324,0.7616,True,False,alpha+breakout,chop,chop,7.52,9.64,30,1746.9,2026-04-24T17:59:15.738884+00:00
NVDA,1.0,208.83,208.6417,28152,28208,6,-1.13,trailing_stop,0.003,-0.000902,0.5509,False,False,alpha+breakout,chop,chop,2.55,3.05,13,735.4,2026-04-24T18:18:19.904711+00:00
IWM,1.0,277.0767,277.08,28221,28355,19,0.06,max_holding_period,0.003,1.2e-05,0.558,True,False,alpha+breakout,chop,chop,2.91,3.8,30,1752.6,2026-04-24T18:50:20.844853+00:00
QQQ,1.0,663.1443,663.54,28272,28406,5,1.98,max_holding_period,0.003,0.000597,0.5527,True,False,alpha+breakout,chop,chop,1.98,2.56,30,1752.9,2026-04-24T19:01:26.017338+00:00
WMT,1.0,129.86,129.8,28562,28586,21,-1.26,pyramid_cut_full_at_-1.2R,0.003,-0.000462,0.6231,False,False,alpha+breakout,chop,chop,0.21,4.52,6,311.3,2026-04-24T19:40:19.998906+00:00
