indicator,horizon_months,event,signal_month,split,signal_value,alarm,outcome,first_event_month,lead_months
claims_rise_20pct,12,recession_onset,1969-12,training_pre2000,22.76536312849162,1,1,1970-01,1.0
claims_rise_20pct,12,recession_onset,1977-02,training_pre2000,29.899135446685875,1,0,,
claims_rise_20pct,12,recession_onset,1979-04,training_pre2000,30.352941176470583,1,1,1980-02,10.0
claims_rise_20pct,12,recession_onset,1984-10,training_pre2000,23.58142962417096,1,0,,
claims_rise_20pct,12,recession_onset,1989-10,training_pre2000,26.56794425087108,1,1,1990-08,10.0
claims_rise_20pct,12,recession_onset,2000-11,holdout_2000plus,25.53990610328638,1,1,2001-04,5.0
claims_rise_20pct,12,recession_onset,2005-09,holdout_2000plus,22.774659182036892,1,0,,
claims_rise_20pct,12,recession_onset,2023-06,holdout_2000plus,26.96202531645571,1,0,,
claims_rise_20pct,12,recession_present_or_onset,1969-12,training_pre2000,22.76536312849162,1,1,1970-01,1.0
claims_rise_20pct,12,recession_present_or_onset,1973-12,training_pre2000,31.674208144796378,1,1,1973-12,0.0
claims_rise_20pct,12,recession_present_or_onset,1977-02,training_pre2000,29.899135446685875,1,0,,
claims_rise_20pct,12,recession_present_or_onset,1979-04,training_pre2000,30.352941176470583,1,1,1980-02,10.0
claims_rise_20pct,12,recession_present_or_onset,1981-10,training_pre2000,22.139764996907864,1,1,1981-10,0.0
claims_rise_20pct,12,recession_present_or_onset,1984-10,training_pre2000,23.58142962417096,1,0,,
claims_rise_20pct,12,recession_present_or_onset,1989-10,training_pre2000,26.56794425087108,1,1,1990-08,10.0
claims_rise_20pct,12,recession_present_or_onset,1990-10,training_pre2000,26.280623608017816,1,1,1990-10,0.0
claims_rise_20pct,12,recession_present_or_onset,2000-11,holdout_2000plus,25.53990610328638,1,1,2001-04,5.0
claims_rise_20pct,12,recession_present_or_onset,2005-09,holdout_2000plus,22.774659182036892,1,0,,
claims_rise_20pct,12,recession_present_or_onset,2008-03,holdout_2000plus,21.85430463576159,1,1,2008-03,0.0
claims_rise_20pct,12,recession_present_or_onset,2020-03,holdout_2000plus,1058.9330024813896,1,1,2020-03,0.0
claims_rise_20pct,12,recession_present_or_onset,2023-06,holdout_2000plus,26.96202531645571,1,0,,
claims_rise_20pct,12,equity_entry_loss_20,1969-12,training_pre2000,22.76536312849162,1,0,,
claims_rise_20pct,12,equity_entry_loss_20,1973-12,training_pre2000,31.674208144796378,1,1,1974-09,9.0
claims_rise_20pct,12,equity_entry_loss_20,1977-02,training_pre2000,29.899135446685875,1,0,,
claims_rise_20pct,12,equity_entry_loss_20,1979-04,training_pre2000,30.352941176470583,1,0,,
claims_rise_20pct,12,equity_entry_loss_20,1981-10,training_pre2000,22.139764996907864,1,0,,
claims_rise_20pct,12,equity_entry_loss_20,1984-10,training_pre2000,23.58142962417096,1,0,,
claims_rise_20pct,12,equity_entry_loss_20,1989-10,training_pre2000,26.56794425087108,1,0,,
claims_rise_20pct,12,equity_entry_loss_20,1990-10,training_pre2000,26.280623608017816,1,0,,
claims_rise_20pct,12,equity_entry_loss_20,2000-11,holdout_2000plus,25.53990610328638,1,1,2001-09,10.0
claims_rise_20pct,12,equity_entry_loss_20,2005-09,holdout_2000plus,22.774659182036892,1,0,,
claims_rise_20pct,12,equity_entry_loss_20,2008-03,holdout_2000plus,21.85430463576159,1,1,2008-10,7.0
claims_rise_20pct,12,equity_entry_loss_20,2020-03,holdout_2000plus,1058.9330024813896,1,0,,
claims_rise_20pct,12,equity_entry_loss_20,2023-06,holdout_2000plus,26.96202531645571,1,0,,
claims_rise_20pct,12,equity_peak_drawdown_20,1969-12,training_pre2000,22.76536312849162,1,0,,
claims_rise_20pct,12,equity_peak_drawdown_20,1973-12,training_pre2000,31.674208144796378,1,1,1974-08,8.0
claims_rise_20pct,12,equity_peak_drawdown_20,1977-02,training_pre2000,29.899135446685875,1,0,,
claims_rise_20pct,12,equity_peak_drawdown_20,1979-04,training_pre2000,30.352941176470583,1,0,,
claims_rise_20pct,12,equity_peak_drawdown_20,1981-10,training_pre2000,22.139764996907864,1,0,,
claims_rise_20pct,12,equity_peak_drawdown_20,1984-10,training_pre2000,23.58142962417096,1,0,,
claims_rise_20pct,12,equity_peak_drawdown_20,1989-10,training_pre2000,26.56794425087108,1,0,,
claims_rise_20pct,12,equity_peak_drawdown_20,1990-10,training_pre2000,26.280623608017816,1,0,,
claims_rise_20pct,12,equity_peak_drawdown_20,2000-11,holdout_2000plus,25.53990610328638,1,1,2001-09,10.0
claims_rise_20pct,12,equity_peak_drawdown_20,2005-09,holdout_2000plus,22.774659182036892,1,0,,
claims_rise_20pct,12,equity_peak_drawdown_20,2008-03,holdout_2000plus,21.85430463576159,1,1,2008-10,7.0
claims_rise_20pct,12,equity_peak_drawdown_20,2020-03,holdout_2000plus,1058.9330024813896,1,0,,
claims_rise_20pct,12,equity_peak_drawdown_20,2023-06,holdout_2000plus,26.96202531645571,1,0,,
claims_rise_20pct,12,inflation_onset_400,2000-11,holdout_2000plus,25.53990610328638,1,0,,
claims_rise_20pct,12,inflation_onset_400,2008-03,holdout_2000plus,21.85430463576159,1,1,2008-05,2.0
claims_rise_20pct,12,inflation_onset_400,2020-03,holdout_2000plus,1058.9330024813896,1,0,,
claims_rise_20pct,12,inflation_onset_400,2023-06,holdout_2000plus,26.96202531645571,1,0,,
claims_rise_20pct,12,credit_onset_300,1989-10,training_pre2000,26.56794425087108,1,0,,
claims_rise_20pct,12,credit_onset_300,1990-10,training_pre2000,26.280623608017816,1,0,,
claims_rise_20pct,12,credit_onset_300,2000-11,holdout_2000plus,25.53990610328638,1,1,2001-03,4.0
claims_rise_20pct,12,credit_onset_300,2005-09,holdout_2000plus,22.774659182036892,1,0,,
claims_rise_20pct,12,credit_onset_300,2023-06,holdout_2000plus,26.96202531645571,1,0,,
sahm_050,12,recession_onset,1969-11,training_pre2000,0.5,1,1,1970-01,2.0
sahm_050,12,recession_onset,1976-12,training_pre2000,0.5,1,0,,
sahm_050,12,recession_onset,2020-05,holdout_2000plus,4.0,1,0,,
sahm_050,12,recession_onset,2024-08,holdout_2000plus,0.53,1,0,,
sahm_050,12,recession_present_or_onset,1960-09,training_pre2000,0.53,1,1,1960-09,0.0
sahm_050,12,recession_present_or_onset,1969-11,training_pre2000,0.5,1,1,1970-01,2.0
sahm_050,12,recession_present_or_onset,1974-04,training_pre2000,0.5,1,1,1974-04,0.0
sahm_050,12,recession_present_or_onset,1976-12,training_pre2000,0.5,1,0,,
sahm_050,12,recession_present_or_onset,1980-05,training_pre2000,0.67,1,1,1980-05,0.0
sahm_050,12,recession_present_or_onset,1981-12,training_pre2000,0.8,1,1,1981-12,0.0
sahm_050,12,recession_present_or_onset,1990-12,training_pre2000,0.5,1,1,1990-12,0.0
sahm_050,12,recession_present_or_onset,2001-07,holdout_2000plus,0.53,1,1,2001-07,0.0
sahm_050,12,recession_present_or_onset,2008-05,holdout_2000plus,0.5,1,1,2008-05,0.0
sahm_050,12,recession_present_or_onset,2020-05,holdout_2000plus,4.0,1,0,,
sahm_050,12,recession_present_or_onset,2024-08,holdout_2000plus,0.53,1,0,,
sahm_050,12,equity_entry_loss_20,1960-09,training_pre2000,0.53,1,0,,
sahm_050,12,equity_entry_loss_20,1969-11,training_pre2000,0.5,1,1,1970-05,6.0
sahm_050,12,equity_entry_loss_20,1974-04,training_pre2000,0.5,1,1,1974-09,5.0
sahm_050,12,equity_entry_loss_20,1976-12,training_pre2000,0.5,1,0,,
sahm_050,12,equity_entry_loss_20,1980-05,training_pre2000,0.67,1,0,,
sahm_050,12,equity_entry_loss_20,1981-12,training_pre2000,0.8,1,0,,
sahm_050,12,equity_entry_loss_20,1990-12,training_pre2000,0.5,1,0,,
sahm_050,12,equity_entry_loss_20,2001-07,holdout_2000plus,0.53,1,1,2002-07,12.0
sahm_050,12,equity_entry_loss_20,2008-05,holdout_2000plus,0.5,1,1,2008-10,5.0
sahm_050,12,equity_entry_loss_20,2020-05,holdout_2000plus,4.0,1,0,,
sahm_050,12,equity_entry_loss_20,2024-08,holdout_2000plus,0.53,1,0,,
sahm_050,12,equity_peak_drawdown_20,1960-09,training_pre2000,0.53,1,0,,
sahm_050,12,equity_peak_drawdown_20,1969-11,training_pre2000,0.5,1,1,1970-05,6.0
sahm_050,12,equity_peak_drawdown_20,1974-04,training_pre2000,0.5,1,1,1974-09,5.0
sahm_050,12,equity_peak_drawdown_20,1976-12,training_pre2000,0.5,1,0,,
sahm_050,12,equity_peak_drawdown_20,1980-05,training_pre2000,0.67,1,0,,
sahm_050,12,equity_peak_drawdown_20,1981-12,training_pre2000,0.8,1,0,,
sahm_050,12,equity_peak_drawdown_20,1990-12,training_pre2000,0.5,1,0,,
sahm_050,12,equity_peak_drawdown_20,2001-07,holdout_2000plus,0.53,1,1,2002-07,12.0
sahm_050,12,equity_peak_drawdown_20,2008-05,holdout_2000plus,0.5,1,1,2008-10,5.0
sahm_050,12,equity_peak_drawdown_20,2020-05,holdout_2000plus,4.0,1,0,,
sahm_050,12,equity_peak_drawdown_20,2024-08,holdout_2000plus,0.53,1,0,,
sahm_050,12,inflation_onset_400,1960-09,training_pre2000,0.53,1,0,,
sahm_050,12,inflation_onset_400,2001-07,holdout_2000plus,0.53,1,0,,
sahm_050,12,inflation_onset_400,2020-05,holdout_2000plus,4.0,1,1,2021-04,11.0
sahm_050,12,inflation_onset_400,2024-08,holdout_2000plus,0.53,1,0,,
sahm_050,12,credit_onset_300,1990-12,training_pre2000,0.5,1,0,,
sahm_050,12,credit_onset_300,2001-07,holdout_2000plus,0.53,1,1,2001-09,2.0
sahm_050,12,credit_onset_300,2024-08,holdout_2000plus,0.53,1,0,,
curve_inverted,12,recession_onset,1966-10,training_pre2000,-0.1900000000000004,1,0,,
curve_inverted,12,recession_onset,1969-02,training_pre2000,-0.09999999999999964,1,1,1970-01,11.0
curve_inverted,12,recession_onset,1973-07,training_pre2000,-0.29000000000000004,1,1,1973-12,5.0
curve_inverted,12,recession_onset,1979-01,training_pre2000,-0.07000000000000028,1,0,,
curve_inverted,12,recession_onset,1980-12,training_pre2000,-1.0500000000000007,1,1,1981-08,8.0
curve_inverted,12,recession_onset,2000-09,holdout_2000plus,-0.2599999999999998,1,1,2001-04,7.0
curve_inverted,12,recession_onset,2006-09,holdout_2000plus,-0.08000000000000007,1,0,,
curve_inverted,12,recession_onset,2019-07,holdout_2000plus,-0.10000000000000009,1,1,2020-03,8.0
curve_inverted,12,recession_onset,2022-12,holdout_2000plus,-0.26000000000000023,1,0,,
curve_inverted,12,recession_present_or_onset,1966-10,training_pre2000,-0.1900000000000004,1,0,,
curve_inverted,12,recession_present_or_onset,1969-02,training_pre2000,-0.09999999999999964,1,1,1970-01,11.0
curve_inverted,12,recession_present_or_onset,1973-07,training_pre2000,-0.29000000000000004,1,1,1973-12,5.0
curve_inverted,12,recession_present_or_onset,1974-09,training_pre2000,-0.9200000000000017,1,1,1974-09,0.0
curve_inverted,12,recession_present_or_onset,1979-01,training_pre2000,-0.07000000000000028,1,0,,
curve_inverted,12,recession_present_or_onset,1980-12,training_pre2000,-1.0500000000000007,1,1,1981-08,8.0
curve_inverted,12,recession_present_or_onset,2000-09,holdout_2000plus,-0.2599999999999998,1,1,2001-04,7.0
curve_inverted,12,recession_present_or_onset,2006-09,holdout_2000plus,-0.08000000000000007,1,0,,
curve_inverted,12,recession_present_or_onset,2019-07,holdout_2000plus,-0.10000000000000009,1,1,2020-03,8.0
curve_inverted,12,recession_present_or_onset,2022-12,holdout_2000plus,-0.26000000000000023,1,0,,
curve_inverted,12,equity_entry_loss_20,1966-10,training_pre2000,-0.1900000000000004,1,0,,
curve_inverted,12,equity_entry_loss_20,1969-02,training_pre2000,-0.09999999999999964,1,0,,
curve_inverted,12,equity_entry_loss_20,1973-07,training_pre2000,-0.29000000000000004,1,1,1974-07,12.0
curve_inverted,12,equity_entry_loss_20,1974-09,training_pre2000,-0.9200000000000017,1,0,,
curve_inverted,12,equity_entry_loss_20,1979-01,training_pre2000,-0.07000000000000028,1,0,,
curve_inverted,12,equity_entry_loss_20,1980-12,training_pre2000,-1.0500000000000007,1,0,,
curve_inverted,12,equity_entry_loss_20,2000-09,holdout_2000plus,-0.2599999999999998,1,1,2001-09,12.0
curve_inverted,12,equity_entry_loss_20,2006-09,holdout_2000plus,-0.08000000000000007,1,0,,
curve_inverted,12,equity_entry_loss_20,2019-07,holdout_2000plus,-0.10000000000000009,1,0,,
curve_inverted,12,equity_entry_loss_20,2022-12,holdout_2000plus,-0.26000000000000023,1,0,,
curve_inverted,12,equity_peak_drawdown_20,1966-10,training_pre2000,-0.1900000000000004,1,0,,
curve_inverted,12,equity_peak_drawdown_20,1969-02,training_pre2000,-0.09999999999999964,1,0,,
curve_inverted,12,equity_peak_drawdown_20,1973-07,training_pre2000,-0.29000000000000004,1,1,1974-07,12.0
curve_inverted,12,equity_peak_drawdown_20,1974-09,training_pre2000,-0.9200000000000017,1,0,,
curve_inverted,12,equity_peak_drawdown_20,1979-01,training_pre2000,-0.07000000000000028,1,0,,
curve_inverted,12,equity_peak_drawdown_20,1980-12,training_pre2000,-1.0500000000000007,1,0,,
curve_inverted,12,equity_peak_drawdown_20,2000-09,holdout_2000plus,-0.2599999999999998,1,1,2001-09,12.0
curve_inverted,12,equity_peak_drawdown_20,2006-09,holdout_2000plus,-0.08000000000000007,1,0,,
curve_inverted,12,equity_peak_drawdown_20,2019-07,holdout_2000plus,-0.10000000000000009,1,0,,
curve_inverted,12,equity_peak_drawdown_20,2022-12,holdout_2000plus,-0.26000000000000023,1,0,,
curve_inverted,12,inflation_onset_400,1966-10,training_pre2000,-0.1900000000000004,1,0,,
curve_inverted,12,inflation_onset_400,2000-09,holdout_2000plus,-0.2599999999999998,1,0,,
curve_inverted,12,inflation_onset_400,2006-09,holdout_2000plus,-0.08000000000000007,1,0,,
curve_inverted,12,inflation_onset_400,2019-07,holdout_2000plus,-0.10000000000000009,1,0,,
curve_inverted,12,credit_onset_300,2000-09,holdout_2000plus,-0.2599999999999998,1,1,2001-03,6.0
curve_inverted,12,credit_onset_300,2006-09,holdout_2000plus,-0.08000000000000007,1,0,,
curve_inverted,12,credit_onset_300,2019-07,holdout_2000plus,-0.10000000000000009,1,1,2020-03,8.0
curve_inverted,12,credit_onset_300,2022-12,holdout_2000plus,-0.26000000000000023,1,0,,
curve_inverted,24,recession_onset,1966-10,training_pre2000,-0.1900000000000004,1,0,,
curve_inverted,24,recession_onset,1969-02,training_pre2000,-0.09999999999999964,1,1,1970-01,11.0
curve_inverted,24,recession_onset,1973-07,training_pre2000,-0.29000000000000004,1,1,1973-12,5.0
curve_inverted,24,recession_onset,1979-01,training_pre2000,-0.07000000000000028,1,1,1980-02,13.0
curve_inverted,24,recession_onset,2000-09,holdout_2000plus,-0.2599999999999998,1,1,2001-04,7.0
curve_inverted,24,recession_onset,2006-09,holdout_2000plus,-0.08000000000000007,1,1,2008-01,16.0
curve_inverted,24,recession_onset,2019-07,holdout_2000plus,-0.10000000000000009,1,1,2020-03,8.0
curve_inverted,24,recession_onset,2022-12,holdout_2000plus,-0.26000000000000023,1,0,,
curve_inverted,24,recession_present_or_onset,1966-10,training_pre2000,-0.1900000000000004,1,0,,
curve_inverted,24,recession_present_or_onset,1969-02,training_pre2000,-0.09999999999999964,1,1,1970-01,11.0
curve_inverted,24,recession_present_or_onset,1973-07,training_pre2000,-0.29000000000000004,1,1,1973-12,5.0
curve_inverted,24,recession_present_or_onset,1979-01,training_pre2000,-0.07000000000000028,1,1,1980-02,13.0
curve_inverted,24,recession_present_or_onset,2000-09,holdout_2000plus,-0.2599999999999998,1,1,2001-04,7.0
curve_inverted,24,recession_present_or_onset,2006-09,holdout_2000plus,-0.08000000000000007,1,1,2008-01,16.0
curve_inverted,24,recession_present_or_onset,2019-07,holdout_2000plus,-0.10000000000000009,1,1,2020-03,8.0
curve_inverted,24,recession_present_or_onset,2022-12,holdout_2000plus,-0.26000000000000023,1,0,,
curve_inverted,24,equity_entry_loss_20,1966-10,training_pre2000,-0.1900000000000004,1,0,,
curve_inverted,24,equity_entry_loss_20,1969-02,training_pre2000,-0.09999999999999964,1,1,1970-05,15.0
curve_inverted,24,equity_entry_loss_20,1973-07,training_pre2000,-0.29000000000000004,1,1,1974-07,12.0
curve_inverted,24,equity_entry_loss_20,1979-01,training_pre2000,-0.07000000000000028,1,0,,
curve_inverted,24,equity_entry_loss_20,2000-09,holdout_2000plus,-0.2599999999999998,1,1,2001-09,12.0
curve_inverted,24,equity_entry_loss_20,2006-09,holdout_2000plus,-0.08000000000000007,1,0,,
curve_inverted,24,equity_entry_loss_20,2019-07,holdout_2000plus,-0.10000000000000009,1,0,,
curve_inverted,24,equity_entry_loss_20,2022-12,holdout_2000plus,-0.26000000000000023,1,0,,
curve_inverted,24,equity_peak_drawdown_20,1966-10,training_pre2000,-0.1900000000000004,1,0,,
curve_inverted,24,equity_peak_drawdown_20,1969-02,training_pre2000,-0.09999999999999964,1,1,1970-05,15.0
curve_inverted,24,equity_peak_drawdown_20,1973-07,training_pre2000,-0.29000000000000004,1,1,1974-07,12.0
curve_inverted,24,equity_peak_drawdown_20,1979-01,training_pre2000,-0.07000000000000028,1,0,,
curve_inverted,24,equity_peak_drawdown_20,2000-09,holdout_2000plus,-0.2599999999999998,1,1,2001-09,12.0
curve_inverted,24,equity_peak_drawdown_20,2006-09,holdout_2000plus,-0.08000000000000007,1,1,2008-09,24.0
curve_inverted,24,equity_peak_drawdown_20,2019-07,holdout_2000plus,-0.10000000000000009,1,0,,
curve_inverted,24,equity_peak_drawdown_20,2022-12,holdout_2000plus,-0.26000000000000023,1,0,,
curve_inverted,24,inflation_onset_400,1966-10,training_pre2000,-0.1900000000000004,1,1,1968-05,19.0
curve_inverted,24,inflation_onset_400,2000-09,holdout_2000plus,-0.2599999999999998,1,0,,
curve_inverted,24,inflation_onset_400,2006-09,holdout_2000plus,-0.08000000000000007,1,1,2007-11,14.0
curve_inverted,24,inflation_onset_400,2019-07,holdout_2000plus,-0.10000000000000009,1,1,2021-04,21.0
curve_inverted,24,credit_onset_300,2000-09,holdout_2000plus,-0.2599999999999998,1,1,2001-03,6.0
curve_inverted,24,credit_onset_300,2006-09,holdout_2000plus,-0.08000000000000007,1,1,2008-02,17.0
curve_inverted,24,credit_onset_300,2019-07,holdout_2000plus,-0.10000000000000009,1,1,2020-03,8.0
curve_inverted,24,credit_onset_300,2022-12,holdout_2000plus,-0.26000000000000023,1,0,,
baa_level_300,12,recession_onset,1986-08,training_pre2000,3.07,1,0,,
baa_level_300,12,recession_onset,2001-03,holdout_2000plus,3.04,1,1,2001-04,1.0
baa_level_300,12,recession_onset,2002-06,holdout_2000plus,3.13,1,0,,
baa_level_300,12,recession_onset,2010-06,holdout_2000plus,3.08,1,0,,
baa_level_300,12,recession_onset,2011-08,holdout_2000plus,3.25,1,0,,
baa_level_300,12,recession_onset,2015-08,holdout_2000plus,3.15,1,0,,
baa_level_300,12,recession_present_or_onset,1986-08,training_pre2000,3.07,1,0,,
baa_level_300,12,recession_present_or_onset,2001-03,holdout_2000plus,3.04,1,1,2001-04,1.0
baa_level_300,12,recession_present_or_onset,2002-06,holdout_2000plus,3.13,1,0,,
baa_level_300,12,recession_present_or_onset,2008-02,holdout_2000plus,3.22,1,1,2008-02,0.0
baa_level_300,12,recession_present_or_onset,2010-06,holdout_2000plus,3.08,1,0,,
baa_level_300,12,recession_present_or_onset,2011-08,holdout_2000plus,3.25,1,0,,
baa_level_300,12,recession_present_or_onset,2015-08,holdout_2000plus,3.15,1,0,,
baa_level_300,12,recession_present_or_onset,2020-03,holdout_2000plus,3.93,1,1,2020-03,0.0
baa_level_300,12,equity_entry_loss_20,1986-08,training_pre2000,3.07,1,0,,
baa_level_300,12,equity_entry_loss_20,2001-03,holdout_2000plus,3.04,1,0,,
baa_level_300,12,equity_entry_loss_20,2002-06,holdout_2000plus,3.13,1,0,,
baa_level_300,12,equity_entry_loss_20,2008-02,holdout_2000plus,3.22,1,1,2008-10,8.0
baa_level_300,12,equity_entry_loss_20,2010-06,holdout_2000plus,3.08,1,0,,
baa_level_300,12,equity_entry_loss_20,2011-08,holdout_2000plus,3.25,1,0,,
baa_level_300,12,equity_entry_loss_20,2015-08,holdout_2000plus,3.15,1,0,,
baa_level_300,12,equity_entry_loss_20,2020-03,holdout_2000plus,3.93,1,0,,
baa_level_300,12,equity_peak_drawdown_20,1986-08,training_pre2000,3.07,1,0,,
baa_level_300,12,equity_peak_drawdown_20,2001-03,holdout_2000plus,3.04,1,0,,
baa_level_300,12,equity_peak_drawdown_20,2002-06,holdout_2000plus,3.13,1,0,,
baa_level_300,12,equity_peak_drawdown_20,2008-02,holdout_2000plus,3.22,1,1,2008-10,8.0
baa_level_300,12,equity_peak_drawdown_20,2010-06,holdout_2000plus,3.08,1,0,,
baa_level_300,12,equity_peak_drawdown_20,2011-08,holdout_2000plus,3.25,1,0,,
baa_level_300,12,equity_peak_drawdown_20,2015-08,holdout_2000plus,3.15,1,0,,
baa_level_300,12,equity_peak_drawdown_20,2020-03,holdout_2000plus,3.93,1,0,,
baa_level_300,12,inflation_onset_400,1986-08,training_pre2000,3.07,1,1,1987-08,12.0
baa_level_300,12,inflation_onset_400,2001-03,holdout_2000plus,3.04,1,0,,
baa_level_300,12,inflation_onset_400,2002-06,holdout_2000plus,3.13,1,0,,
baa_level_300,12,inflation_onset_400,2010-06,holdout_2000plus,3.08,1,0,,
baa_level_300,12,inflation_onset_400,2011-08,holdout_2000plus,3.25,1,0,,
baa_level_300,12,inflation_onset_400,2015-08,holdout_2000plus,3.15,1,0,,
baa_level_300,12,inflation_onset_400,2020-03,holdout_2000plus,3.93,1,0,,
baa_widening_100,12,recession_present_or_onset,2008-10,holdout_2000plus,2.31,1,1,2008-10,0.0
baa_widening_100,12,recession_present_or_onset,2020-03,holdout_2000plus,1.9500000000000002,1,1,2020-03,0.0
baa_widening_100,12,equity_entry_loss_20,2008-10,holdout_2000plus,2.31,1,1,2009-03,5.0
baa_widening_100,12,equity_entry_loss_20,2020-03,holdout_2000plus,1.9500000000000002,1,0,,
baa_widening_100,12,equity_peak_drawdown_20,2008-10,holdout_2000plus,2.31,1,1,2009-03,5.0
baa_widening_100,12,equity_peak_drawdown_20,2020-03,holdout_2000plus,1.9500000000000002,1,0,,
baa_widening_100,12,inflation_onset_400,2008-10,holdout_2000plus,2.31,1,0,,
baa_widening_100,12,inflation_onset_400,2020-03,holdout_2000plus,1.9500000000000002,1,0,,
nfci_positive,12,recession_onset,1973-02,training_pre2000,0.249,1,1,1973-12,10.0
nfci_positive,12,recession_onset,1975-10,training_pre2000,0.063,1,0,,
nfci_positive,12,recession_onset,1978-04,training_pre2000,0.044,1,0,,
nfci_positive,12,recession_onset,1983-11,training_pre2000,0.01,1,0,,
nfci_positive,12,recession_onset,1987-05,training_pre2000,0.31,1,0,,
nfci_positive,12,recession_onset,2000-06,holdout_2000plus,0.025,1,1,2001-04,10.0
nfci_positive,12,recession_onset,2007-09,holdout_2000plus,0.207,1,1,2008-01,4.0
nfci_positive,12,recession_present_or_onset,1973-02,training_pre2000,0.249,1,1,1973-12,10.0
nfci_positive,12,recession_present_or_onset,1975-10,training_pre2000,0.063,1,0,,
nfci_positive,12,recession_present_or_onset,1978-04,training_pre2000,0.044,1,0,,
nfci_positive,12,recession_present_or_onset,1983-11,training_pre2000,0.01,1,0,,
nfci_positive,12,recession_present_or_onset,1987-05,training_pre2000,0.31,1,0,,
nfci_positive,12,recession_present_or_onset,1990-09,training_pre2000,0.185,1,1,1990-09,0.0
nfci_positive,12,recession_present_or_onset,2000-06,holdout_2000plus,0.025,1,1,2001-04,10.0
nfci_positive,12,recession_present_or_onset,2007-09,holdout_2000plus,0.207,1,1,2008-01,4.0
nfci_positive,12,recession_present_or_onset,2020-04,holdout_2000plus,0.267,1,1,2020-04,0.0
nfci_positive,12,equity_entry_loss_20,1973-02,training_pre2000,0.249,1,0,,
nfci_positive,12,equity_entry_loss_20,1975-10,training_pre2000,0.063,1,0,,
nfci_positive,12,equity_entry_loss_20,1978-04,training_pre2000,0.044,1,0,,
nfci_positive,12,equity_entry_loss_20,1983-11,training_pre2000,0.01,1,0,,
nfci_positive,12,equity_entry_loss_20,1987-05,training_pre2000,0.31,1,0,,
nfci_positive,12,equity_entry_loss_20,1990-09,training_pre2000,0.185,1,0,,
nfci_positive,12,equity_entry_loss_20,2000-06,holdout_2000plus,0.025,1,0,,
nfci_positive,12,equity_entry_loss_20,2007-09,holdout_2000plus,0.207,1,0,,
nfci_positive,12,equity_entry_loss_20,2020-04,holdout_2000plus,0.267,1,0,,
nfci_positive,12,equity_peak_drawdown_20,1973-02,training_pre2000,0.249,1,0,,
nfci_positive,12,equity_peak_drawdown_20,1975-10,training_pre2000,0.063,1,0,,
nfci_positive,12,equity_peak_drawdown_20,1978-04,training_pre2000,0.044,1,0,,
nfci_positive,12,equity_peak_drawdown_20,1983-11,training_pre2000,0.01,1,0,,
nfci_positive,12,equity_peak_drawdown_20,1987-05,training_pre2000,0.31,1,1,1987-11,6.0
nfci_positive,12,equity_peak_drawdown_20,1990-09,training_pre2000,0.185,1,0,,
nfci_positive,12,equity_peak_drawdown_20,2000-06,holdout_2000plus,0.025,1,1,2001-03,9.0
nfci_positive,12,equity_peak_drawdown_20,2007-09,holdout_2000plus,0.207,1,1,2008-09,12.0
nfci_positive,12,equity_peak_drawdown_20,2020-04,holdout_2000plus,0.267,1,0,,
nfci_positive,12,inflation_onset_400,1973-02,training_pre2000,0.249,1,1,1973-03,1.0
nfci_positive,12,inflation_onset_400,1983-11,training_pre2000,0.01,1,1,1984-01,2.0
nfci_positive,12,inflation_onset_400,1987-05,training_pre2000,0.31,1,1,1987-08,3.0
nfci_positive,12,inflation_onset_400,2000-06,holdout_2000plus,0.025,1,0,,
nfci_positive,12,inflation_onset_400,2007-09,holdout_2000plus,0.207,1,1,2007-11,2.0
nfci_positive,12,inflation_onset_400,2020-04,holdout_2000plus,0.267,1,1,2021-04,12.0
nfci_positive,12,credit_onset_300,1987-05,training_pre2000,0.31,1,0,,
nfci_positive,12,credit_onset_300,1990-09,training_pre2000,0.185,1,0,,
nfci_positive,12,credit_onset_300,2000-06,holdout_2000plus,0.025,1,1,2001-03,9.0
nfci_positive,12,credit_onset_300,2007-09,holdout_2000plus,0.207,1,1,2008-02,5.0
inflation_surge,12,recession_onset,1968-11,training_pre2000,4.7477744807121525,1,0,,
inflation_surge,12,recession_onset,1973-06,training_pre2000,5.528846153846145,1,1,1973-12,6.0
inflation_surge,12,recession_onset,1978-10,training_pre2000,8.482871125611746,1,0,,
inflation_surge,12,recession_onset,1987-09,training_pre2000,4.2883211678832245,1,0,,
inflation_surge,12,recession_onset,2005-10,holdout_2000plus,4.741833508956805,1,0,,
inflation_surge,12,recession_onset,2007-12,holdout_2000plus,4.373267326732666,1,1,2008-01,1.0
inflation_surge,12,recession_onset,2021-05,holdout_2000plus,4.133077115360573,1,0,,
inflation_surge,12,recession_present_or_onset,1968-11,training_pre2000,4.7477744807121525,1,0,,
inflation_surge,12,recession_present_or_onset,1973-06,training_pre2000,5.528846153846145,1,1,1973-12,6.0
inflation_surge,12,recession_present_or_onset,1978-10,training_pre2000,8.482871125611746,1,0,,
inflation_surge,12,recession_present_or_onset,1987-09,training_pre2000,4.2883211678832245,1,0,,
inflation_surge,12,recession_present_or_onset,2005-10,holdout_2000plus,4.741833508956805,1,0,,
inflation_surge,12,recession_present_or_onset,2007-12,holdout_2000plus,4.373267326732666,1,1,2008-01,1.0
inflation_surge,12,recession_present_or_onset,2021-05,holdout_2000plus,4.133077115360573,1,0,,
inflation_surge,12,equity_entry_loss_20,1968-11,training_pre2000,4.7477744807121525,1,0,,
inflation_surge,12,equity_entry_loss_20,1973-06,training_pre2000,5.528846153846145,1,0,,
inflation_surge,12,equity_entry_loss_20,1978-10,training_pre2000,8.482871125611746,1,0,,
inflation_surge,12,equity_entry_loss_20,1987-09,training_pre2000,4.2883211678832245,1,1,1987-11,2.0
inflation_surge,12,equity_entry_loss_20,2005-10,holdout_2000plus,4.741833508956805,1,0,,
inflation_surge,12,equity_entry_loss_20,2007-12,holdout_2000plus,4.373267326732666,1,1,2008-10,10.0
inflation_surge,12,equity_entry_loss_20,2021-05,holdout_2000plus,4.133077115360573,1,0,,
inflation_surge,12,equity_peak_drawdown_20,1968-11,training_pre2000,4.7477744807121525,1,0,,
inflation_surge,12,equity_peak_drawdown_20,1973-06,training_pre2000,5.528846153846145,1,0,,
inflation_surge,12,equity_peak_drawdown_20,1978-10,training_pre2000,8.482871125611746,1,0,,
inflation_surge,12,equity_peak_drawdown_20,1987-09,training_pre2000,4.2883211678832245,1,1,1987-11,2.0
inflation_surge,12,equity_peak_drawdown_20,2005-10,holdout_2000plus,4.741833508956805,1,0,,
inflation_surge,12,equity_peak_drawdown_20,2007-12,holdout_2000plus,4.373267326732666,1,1,2008-10,10.0
inflation_surge,12,equity_peak_drawdown_20,2021-05,holdout_2000plus,4.133077115360573,1,0,,
inflation_surge,12,credit_onset_300,1987-09,training_pre2000,4.2883211678832245,1,0,,
inflation_surge,12,credit_onset_300,2005-10,holdout_2000plus,4.741833508956805,1,0,,
inflation_surge,12,credit_onset_300,2007-12,holdout_2000plus,4.373267326732666,1,1,2008-02,2.0
inflation_surge,12,credit_onset_300,2021-05,holdout_2000plus,4.133077115360573,1,0,,
inflation_400,12,recession_onset,1968-06,training_pre2000,4.229607250755274,1,0,,
inflation_400,12,recession_onset,1973-04,training_pre2000,4.8309178743961345,1,1,1973-12,8.0
inflation_400,12,recession_onset,1983-05,training_pre2000,4.0000000000000036,1,0,,
inflation_400,12,recession_onset,1987-09,training_pre2000,4.2883211678832245,1,0,,
inflation_400,12,recession_onset,2005-10,holdout_2000plus,4.741833508956805,1,0,,
inflation_400,12,recession_onset,2007-12,holdout_2000plus,4.373267326732666,1,1,2008-01,1.0
inflation_400,12,recession_onset,2021-05,holdout_2000plus,4.133077115360573,1,0,,
inflation_400,12,recession_present_or_onset,1968-06,training_pre2000,4.229607250755274,1,0,,
inflation_400,12,recession_present_or_onset,1973-04,training_pre2000,4.8309178743961345,1,1,1973-12,8.0
inflation_400,12,recession_present_or_onset,1983-05,training_pre2000,4.0000000000000036,1,0,,
inflation_400,12,recession_present_or_onset,1987-09,training_pre2000,4.2883211678832245,1,0,,
inflation_400,12,recession_present_or_onset,2005-10,holdout_2000plus,4.741833508956805,1,0,,
inflation_400,12,recession_present_or_onset,2007-12,holdout_2000plus,4.373267326732666,1,1,2008-01,1.0
inflation_400,12,recession_present_or_onset,2021-05,holdout_2000plus,4.133077115360573,1,0,,
inflation_400,12,equity_entry_loss_20,1968-06,training_pre2000,4.229607250755274,1,0,,
inflation_400,12,equity_entry_loss_20,1973-04,training_pre2000,4.8309178743961345,1,0,,
inflation_400,12,equity_entry_loss_20,1983-05,training_pre2000,4.0000000000000036,1,0,,
inflation_400,12,equity_entry_loss_20,1987-09,training_pre2000,4.2883211678832245,1,1,1987-11,2.0
inflation_400,12,equity_entry_loss_20,2005-10,holdout_2000plus,4.741833508956805,1,0,,
inflation_400,12,equity_entry_loss_20,2007-12,holdout_2000plus,4.373267326732666,1,1,2008-10,10.0
inflation_400,12,equity_entry_loss_20,2021-05,holdout_2000plus,4.133077115360573,1,0,,
inflation_400,12,equity_peak_drawdown_20,1968-06,training_pre2000,4.229607250755274,1,0,,
inflation_400,12,equity_peak_drawdown_20,1973-04,training_pre2000,4.8309178743961345,1,0,,
inflation_400,12,equity_peak_drawdown_20,1983-05,training_pre2000,4.0000000000000036,1,0,,
inflation_400,12,equity_peak_drawdown_20,1987-09,training_pre2000,4.2883211678832245,1,1,1987-11,2.0
inflation_400,12,equity_peak_drawdown_20,2005-10,holdout_2000plus,4.741833508956805,1,0,,
inflation_400,12,equity_peak_drawdown_20,2007-12,holdout_2000plus,4.373267326732666,1,1,2008-10,10.0
inflation_400,12,equity_peak_drawdown_20,2021-05,holdout_2000plus,4.133077115360573,1,0,,
inflation_400,12,inflation_onset_400,1983-05,training_pre2000,4.0000000000000036,1,1,1984-01,8.0
inflation_400,12,inflation_onset_400,2006-02,holdout_2000plus,4.018789144050117,1,1,2006-06,4.0
inflation_400,12,credit_onset_300,1987-09,training_pre2000,4.2883211678832245,1,0,,
inflation_400,12,credit_onset_300,2005-10,holdout_2000plus,4.741833508956805,1,0,,
inflation_400,12,credit_onset_300,2007-12,holdout_2000plus,4.373267326732666,1,1,2008-02,2.0
inflation_400,12,credit_onset_300,2021-05,holdout_2000plus,4.133077115360573,1,0,,
