month,original_expanding_recomputed,review_expanding_recomputed,original_full_history_diagnostic
1964-07,25.267928,21.49393441,33.14998067
1964-08,27.55718453,27.08936306,32.85106486
1964-09,26.32448028,28.64807662,31.32851426
1964-10,26.93468486,24.35385413,31.72917034
1964-11,25.4514085,22.21526572,31.29826578
1964-12,28.1898619,24.70646536,32.81076159
1965-01,27.37599436,32.62740816,32.14016975
1965-02,28.7140359,32.91870625,32.29257078
1965-03,27.18426715,33.01277807,31.03614162
1965-04,26.75278415,33.80224166,30.98427591
1965-05,25.83402314,30.88051625,29.11742719
1965-06,24.21456287,28.62367689,25.73290134
1965-07,24.92291535,24.60670897,26.70140759
1965-08,24.27574841,26.76693589,26.65359437
1965-09,24.89588464,28.57790747,27.91299528
1965-10,24.18401061,28.93621732,26.3164161
1965-11,24.08806242,32.72003108,26.24872209
1965-12,23.91206759,28.33658445,26.51539396
1966-01,24.6869168,30.84327512,26.48550014
1966-02,22.56403329,32.45692503,24.82466842
1966-03,22.20873208,27.88692925,24.8628326
1966-04,23.2485847,25.23785146,24.73859218
1966-05,21.95702527,25.70508645,24.64694695
1966-06,21.80393335,28.265178,27.64836712
1966-07,22.52604996,27.79358599,28.22210938
1966-08,20.8714446,28.129092,24.94114217
1966-09,22.6189872,29.51087162,26.63499389
1966-10,24.36703735,34.3773936,29.88765894
1966-11,24.55755222,36.98070469,29.94653151
1966-12,23.13895696,46.84541635,28.82312929
1967-01,20.19956296,45.83239862,28.78613967
1967-02,22.03343278,43.25163719,30.6560545
1967-03,21.54178256,42.29166526,30.73728606
1967-04,21.3114277,35.23111757,30.47862979
1967-05,22.29704442,33.58401347,32.32382967
1967-06,23.50459584,32.19538558,30.87107819
1967-07,21.98601128,35.07699256,28.54578379
1967-08,22.83299999,27.25334783,32.65752966
1967-09,24.01116002,27.2466757,33.0393061
1967-10,23.66008052,32.58924075,30.7366662
1967-11,19.5667992,27.8204566,27.69629606
1967-12,19.33884911,22.71549816,29.8989054
1968-01,25.2790402,31.15771606,30.10603878
1968-02,31.28150458,25.93015097,34.88763542
1968-03,31.89943526,27.82838612,35.19870304
1968-04,32.85018439,33.56414284,36.07311911
1968-05,28.87791735,36.79132739,33.50790593
1968-06,30.71374876,41.94831993,35.35633462
1968-07,29.33805202,44.63482544,33.79689094
1968-08,28.16209927,41.44999606,32.62857946
1968-09,29.70004236,41.66566893,33.89330644
1968-10,28.88382375,43.46809584,33.42667299
1968-11,31.47374847,36.97266112,35.59357658
1968-12,29.79472131,42.07249914,34.63471043
1969-01,30.66692236,39.49940247,35.09672894
1969-02,34.82137707,34.81112527,37.39764069
1969-03,32.62586584,27.25686826,35.83667558
1969-04,34.80172255,27.82396149,37.5509695
1969-05,28.06659692,29.7774173,33.07448941
1969-06,30.16414342,34.04597279,34.5684154
1969-07,33.40528534,32.46249467,37.67249825
1969-08,35.17092074,37.3016606,39.16582943
1969-09,33.68985031,44.12117156,37.9937759
1969-10,34.79919137,43.92322032,38.39009484
1969-11,30.24607456,43.0673953,35.5065884
1969-12,33.15705124,46.55426551,38.05602921
1970-01,34.9425715,48.49551213,38.32794904
1970-02,33.56947279,47.62514632,34.23891237
1970-03,32.90719799,48.15891264,34.64024853
1970-04,32.0233455,44.82807652,34.09103322
1970-05,37.78922385,48.05525239,38.20608609
1970-06,37.22161383,49.64372172,37.63153419
1970-07,36.62591753,45.61472603,36.50882735
1970-08,37.63727406,50.54609367,38.9124117
1970-09,38.91863175,59.66217756,40.360545
1970-10,40.1626762,60.71706072,41.63616602
1970-11,43.69711302,61.8214512,44.6192237
1970-12,43.70504254,58.29425435,45.3129954
1971-01,41.71346466,58.07611762,43.52421815
1971-02,43.13247951,58.71945378,45.26615615
1971-03,41.04021161,56.15410276,42.81407885
1971-04,38.50182252,55.24858818,40.59969479
1971-05,40.31168045,53.75747195,41.86210631
1971-06,37.69458113,51.80534154,39.80072513
1971-07,36.43307445,50.51694194,38.19083088
1971-08,35.82535625,46.39680422,38.26198912
1971-09,33.28564818,50.134087,36.02409128
1971-10,32.13525495,47.82841861,34.64439649
1971-11,31.37963929,47.75701899,34.26473868
1971-12,30.81645769,50.16825278,33.86324219
1972-01,33.56511609,50.53308215,35.45931867
1972-02,33.67783976,51.97821674,35.35573778
1972-03,35.49444996,51.73428889,38.78860964
1972-04,32.76674522,51.10940794,35.57575729
1972-05,31.28846773,51.22727171,33.56673374
1972-06,30.84909142,49.04996444,34.56934726
1972-07,29.96295399,48.06814414,33.7080933
1972-08,34.22104268,48.70298145,36.65189219
1972-09,28.9472234,50.70143982,33.46584426
1972-10,31.73090768,48.26134283,35.23266008
1972-11,28.35131585,47.92500602,30.39694446
1972-12,26.9271836,46.39105597,30.22475797
1973-01,25.24563925,44.75703676,27.18731307
1973-02,24.74246358,37.99456559,26.35605128
1973-03,26.11612406,34.26921723,27.60328063
1973-04,30.28159157,31.29471336,31.29262325
1973-05,29.24690266,37.14973705,30.57670128
1973-06,31.13823906,38.12948857,32.61093342
1973-07,29.9714806,40.32899172,32.31955865
1973-08,31.8891918,46.77335246,33.84404698
1973-09,31.84936672,48.8454469,34.24962183
1973-10,30.71406646,51.64225179,31.65146562
1973-11,31.0288278,49.8264749,32.9634999
1973-12,32.60717396,41.73569685,34.00919641
1974-01,33.30477188,45.40251149,34.13846134
1974-02,33.47273547,37.48782951,32.07489487
1974-03,32.53492941,46.61708289,31.68466928
1974-04,34.73073275,45.81510514,33.72672977
1974-05,35.43936331,45.82563263,35.52226513
1974-06,36.00493936,48.6602809,35.74393412
1974-07,34.1165343,54.12619969,33.23001743
1974-08,36.52759154,50.64321991,35.83448786
1974-09,37.04722101,54.6718675,36.15229277
1974-10,38.71941084,59.01473644,39.29687316
1974-11,39.25718491,60.64541198,37.96894101
1974-12,38.50078345,63.27554743,37.90585537
1975-01,40.24723933,63.39213307,40.79639544
1975-02,46.82956727,64.33778327,45.57088796
1975-03,48.53285455,66.50065241,47.86445303
1975-04,50.2848066,66.60543235,49.54431553
1975-05,50.06256052,66.60996656,50.89693937
1975-06,47.79753861,66.17225621,48.17119999
1975-07,38.13283375,65.80384561,39.81724801
1975-08,39.79346032,64.41936037,42.05884241
1975-09,40.04606805,62.85893964,41.96535406
1975-10,38.9252459,62.27888399,40.96827139
1975-11,41.39673289,62.71509161,43.65614512
1975-12,40.68479704,63.99348435,42.67883277
1976-01,41.08750949,63.0780434,43.30206126
1976-02,41.68815811,63.51027818,43.00731664
1976-03,42.69017269,63.20357131,43.47346684
1976-04,43.33341707,63.08472689,43.96959992
1976-05,40.77788416,62.96328477,42.92975149
1976-06,41.3079898,62.77431605,43.35915819
1976-07,43.99833595,61.02134878,44.74949996
1976-08,45.55646338,60.13446871,46.73571073
1976-09,44.06368689,59.62501556,44.94472507
1976-10,45.23100515,56.8893847,45.50731481
1976-11,44.30256703,55.84410695,43.82782034
1976-12,44.89888946,57.20483118,44.8323297
1977-01,42.48982818,58.74863169,42.75144041
1977-02,39.57721459,57.29109605,39.87819115
1977-03,37.5877908,57.53260859,37.7291998
1977-04,34.34652321,58.29900937,35.31021539
1977-05,33.88055575,58.91191812,34.97311987
1977-06,35.27524287,58.44473723,36.29624116
1977-07,31.42333596,58.67664459,34.47534569
1977-08,33.54704142,56.81385471,35.31822503
1977-09,34.93319737,54.83395386,36.04998034
1977-10,35.24417457,54.02042318,36.24525968
1977-11,34.42015325,52.47134211,35.43224036
1977-12,35.58254534,53.82431909,36.6483319
1978-01,34.27402355,52.25704652,35.68445739
1978-02,35.7094552,49.20677147,36.69170581
1978-03,34.91356891,47.54545018,36.40353317
1978-04,35.70570304,49.14704992,36.99621841
1978-05,34.0134983,50.37060382,35.87649731
1978-06,31.80514018,53.48091153,34.26664963
1978-07,32.26977775,53.88646746,34.21860367
1978-08,30.41701145,48.80541538,32.51340739
1978-09,29.5351722,50.4338727,31.63363487
1978-10,28.26277195,46.35829635,30.6049539
1978-11,32.01893259,45.64646996,34.11986258
1978-12,31.28192882,50.63824256,33.07025053
1979-01,32.66867064,50.03024743,34.8364495
1979-02,32.55127353,54.46061523,34.78816119
1979-03,32.77939152,54.90044997,34.35038961
1979-04,33.53678936,55.68022268,35.01759032
1979-05,33.51446804,55.9276695,35.35561413
1979-06,33.15558732,55.17900636,35.11860865
1979-07,33.67783265,56.98745677,35.45707862
1979-08,35.30158884,57.27237128,36.94282287
1979-09,35.41416646,58.17438296,37.51768163
1979-10,39.73849869,57.81058397,41.47068758
1979-11,39.4071309,58.33024947,41.45784872
1979-12,39.72732184,57.88615902,41.60324657
1980-01,43.50990934,59.09045872,44.64392556
1980-02,44.21240849,59.25813238,45.16205613
1980-03,45.58762179,56.79940304,46.46072622
1980-04,47.10333045,58.06076574,47.79476196
1980-05,40.41248992,60.66525365,40.32397273
1980-06,43.46813391,64.45605702,43.36633315
1980-07,40.84962842,66.78856409,41.33054854
1980-08,40.36691791,63.98157622,40.99922872
1980-09,39.09626689,60.10148305,41.96670588
1980-10,40.23772892,57.82730409,42.7342684
1980-11,46.81578361,57.43746294,49.16144035
1980-12,47.95284247,55.62624914,49.23629782
1981-01,47.62859087,61.46653495,49.41015362
1981-02,46.87559357,61.77735675,48.04774044
1981-03,41.76069889,60.17868113,42.63575039
1981-04,42.44876222,58.5339569,44.59962209
1981-05,49.287661,56.90877557,50.85562786
1981-06,48.6725737,57.6533194,49.95484037
1981-07,51.3804148,59.51071298,51.82205499
1981-08,53.10916492,59.28587258,53.8504159
1981-09,51.90661643,58.40854418,52.45662712
1981-10,53.454245,56.2652916,53.59345731
1981-11,52.30182405,59.35305809,51.41899197
1981-12,53.5190791,61.92741516,53.040071
1982-01,55.24884285,64.71725355,54.94485301
1982-02,50.23130043,64.87667557,50.44385763
1982-03,51.0829664,59.15491973,50.91550943
1982-04,51.43154033,60.59500422,51.72399245
1982-05,53.82357847,60.5482997,54.23196848
1982-06,54.18896021,64.47155411,54.60473155
1982-07,57.25384877,64.83039929,57.35816518
1982-08,57.01294457,66.55469647,58.38033665
1982-09,56.1526293,66.77153574,57.7231136
1982-10,54.30151913,66.93370369,55.33707711
1982-11,51.66845944,66.39668578,52.14538655
1982-12,51.16626037,64.56467908,51.60196923
1983-01,50.72773542,64.67246365,51.73575623
1983-02,51.08412201,63.86915037,52.34845339
1983-03,49.84712861,60.78437247,51.45385152
1983-04,47.27697062,58.77309037,48.79616268
1983-05,48.51064186,57.75459303,50.04504972
1983-06,50.64971273,55.18464337,52.9839296
1983-07,51.71405699,55.73786505,53.5578055
1983-08,53.37719672,54.90878361,54.766341
1983-09,53.23669021,53.24900312,54.56150378
1983-10,52.74352137,54.99012038,54.63601089
1983-11,53.52776459,57.09744898,55.03979249
1983-12,54.58897087,58.76679044,56.9800829
1984-01,54.79341446,58.41339795,57.62942994
1984-02,52.19876896,59.65914901,55.31194578
1984-03,53.48613028,60.86508205,56.38812634
1984-04,54.41401468,60.6053288,57.8801409
1984-05,56.4634624,61.29481733,60.35556817
1984-06,56.2103948,62.82497032,59.6830658
1984-07,56.65523592,62.80662836,59.91146862
1984-08,55.46755468,63.0956988,59.0051261
1984-09,56.14637312,61.40895862,59.35726886
1984-10,52.94122294,59.29006123,57.05541531
1984-11,47.34322724,57.25133579,51.23646901
1984-12,48.53614008,56.46859031,52.50611139
1985-01,50.82540463,56.75429933,54.3420491
1985-02,49.71607639,56.0371825,52.51587727
1985-03,50.66276007,55.31096301,54.02271394
1985-04,51.34537489,55.68416134,55.3135263
1985-05,49.91131541,56.96652894,54.32895032
1985-06,51.04294602,56.28961125,55.3147755
1985-07,49.88200575,56.07940247,54.30717642
1985-08,49.27081373,56.49882214,53.39649572
1985-09,49.2187329,55.75780824,53.50657181
1985-10,49.79320679,55.75943516,52.5761896
1985-11,48.17105229,55.43771538,50.91596365
1985-12,44.49630165,55.42077361,48.20055606
1986-01,45.66133658,53.64603275,48.83624633
1986-02,47.25121566,53.11856149,49.96797171
1986-03,48.6197337,50.01165522,51.43574712
1986-04,50.88549524,50.85641364,54.12101408
1986-05,49.97017159,50.39086142,52.89732516
1986-06,50.38898382,47.99976526,52.86336345
1986-07,51.54281846,48.09715664,54.38246432
1986-08,51.46292062,48.06521909,54.59517235
1986-09,51.89495805,48.89433929,54.48684745
1986-10,54.21494379,48.02074103,57.01121561
1986-11,50.90252931,49.11438609,54.39881379
1986-12,49.5115935,52.26449242,52.85172992
1987-01,47.97866945,53.16606096,51.60953704
1987-02,45.36692273,51.11385411,48.69868694
1987-03,40.64811239,46.21825074,44.11143086
1987-04,37.78737877,44.66873953,41.01773436
1987-05,39.57376974,43.43705628,43.41567366
1987-06,37.40222156,42.49270308,41.15568373
1987-07,34.50262248,42.47759278,39.43981795
1987-08,36.72062023,41.79111002,41.30231161
1987-09,39.6435263,41.28514345,44.5460134
1987-10,39.54420269,43.60636894,44.37209599
1987-11,36.53116703,43.68484657,41.37043187
1987-12,36.80699744,43.88680226,41.82403643
1988-01,39.0403312,42.5522624,43.82679565
1988-02,37.40913612,42.62996902,42.60793708
1988-03,40.1830816,46.88145078,45.22181265
1988-04,38.54661437,46.98209596,43.42979831
1988-05,42.49714091,48.72988372,46.98581375
1988-06,42.15984424,46.32328599,46.61065062
1988-07,42.11040765,44.9741967,46.36919539
1988-08,44.04941885,44.46823694,48.2819894
1988-09,41.2694762,42.72555637,45.70567323
1988-10,36.79975119,40.93888664,41.36967823
1988-11,37.60672094,37.76085065,42.65491225
1988-12,36.00411267,40.90000496,41.04239154
1989-01,39.71815862,41.2301126,43.621185
1989-02,38.35793786,40.96606692,42.25750028
1989-03,36.16766963,40.03523743,39.91343909
1989-04,33.13683706,38.96710628,37.21547505
1989-05,32.19687524,37.85649217,36.39503515
1989-06,31.87021915,36.80848922,36.72987964
1989-07,32.14849418,38.03659124,36.86274193
1989-08,31.74653961,38.21777231,36.56190205
1989-09,33.19452081,36.80628344,37.44207231
1989-10,31.99776884,35.9682729,36.47717313
1989-11,28.77907835,35.60936736,33.87391491
1989-12,29.41384833,35.66817873,33.6330067
1990-01,29.93022618,36.21102399,33.38531269
1990-02,28.71948326,34.22546628,32.85744165
1990-03,29.99596224,32.71787668,34.06868029
1990-04,33.7488626,31.58369423,37.77830309
1990-05,33.03226809,32.49975582,37.95372151
1990-06,31.06125132,35.75585778,35.61872496
1990-07,32.85896119,35.64837848,37.17597646
1990-08,30.47704819,35.13363654,34.4422956
1990-09,30.05058369,33.6442778,34.06422138
1990-10,30.32031791,35.2963689,33.07389905
1990-11,30.96337941,38.61355678,33.64141434
1990-12,31.32935147,44.92948089,34.37430833
1991-01,34.54909944,45.82564835,38.64405355
1991-02,35.63204148,47.36270576,40.19610525
1991-03,40.18029445,41.91349322,44.74796383
1991-04,38.90175687,40.78442519,43.4077662
1991-05,38.33574796,39.69110064,42.628781
1991-06,39.42063286,37.41784479,43.70058307
1991-07,40.50091177,36.37375894,44.4492746
1991-08,42.04883477,34.76789493,46.09709315
1991-09,44.12720761,35.53493663,47.14650352
1991-10,45.17866721,35.72041246,48.47513891
1991-11,44.58231122,38.34022764,47.76207167
1991-12,44.39666962,37.83900394,47.3560738
1992-01,43.03436439,37.65949819,46.77778953
1992-02,41.97127091,38.29658154,45.97080069
1992-03,40.85618455,37.48940906,44.87608695
1992-04,40.91582962,36.37005731,44.96253042
1992-05,41.77102503,36.62452757,45.56521925
1992-06,40.93366553,36.38984711,44.64138804
1992-07,39.69704147,35.49810626,43.0621907
1992-08,37.84051975,34.40901962,41.14073041
1992-09,36.54357713,32.35283412,39.98115747
1992-10,36.82732163,32.65919469,40.70000538
1992-11,39.56180674,36.70366454,43.49738871
1992-12,39.90547234,36.99155837,43.70806098
1993-01,36.80862932,36.19556045,40.44957401
1993-02,35.06147432,34.60305127,38.31902661
1993-03,33.46640815,30.74764072,36.42757108
1993-04,32.92606047,29.00724569,36.50276684
1993-05,32.4283931,29.523704,36.28991469
1993-06,33.72781552,31.30520819,37.36354874
1993-07,30.75574195,29.27128863,35.60337115
1993-08,31.13026825,29.05302541,35.92298026
1993-09,31.46428711,28.25435737,35.8465038
1993-10,31.0877867,24.90347617,35.29961549
1993-11,31.08001593,24.36104431,36.07913425
1993-12,31.88366506,27.65814493,36.61715884
1994-01,34.14111949,29.44025728,39.36972257
1994-02,34.9954797,29.14947628,40.15473703
1994-03,36.34946482,25.9623196,41.36098522
1994-04,38.83875361,27.81741012,43.91507715
1994-05,39.68404125,29.67747294,44.70230672
1994-06,37.49117337,32.08906563,42.87049198
1994-07,35.35985567,31.78367954,41.11462535
1994-08,33.52442404,31.42318331,39.08434064
1994-09,33.67278798,31.39424087,39.39381461
1994-10,36.17582102,31.55531432,41.71352165
1994-11,34.51834918,34.06747466,40.20068844
1994-12,33.01383454,32.90217935,38.5700534
1995-01,33.25154599,32.17214575,38.89822986
1995-02,30.00924649,29.95476188,35.70950979
1995-03,26.64128411,29.5775894,32.8139834
1995-04,25.92273638,27.48454611,32.09762494
1995-05,21.45568086,24.02773243,27.24411769
1995-06,23.03299595,21.15022449,28.57247995
1995-07,24.96228309,20.47626986,30.3498178
1995-08,27.23143117,21.92737221,32.96478217
1995-09,22.95693724,22.44121181,28.43991547
1995-10,21.00063924,22.71055883,26.90885207
1995-11,21.04523518,20.67511307,27.04789744
1995-12,20.55044503,21.74538532,25.62849048
1996-01,17.32132214,21.37904496,23.08442624
1996-02,17.07224695,17.5920067,22.65695586
1996-03,19.99656292,17.69321644,25.83007172
1996-04,20.15296512,17.87877162,26.00655288
1996-05,19.44125182,20.70642641,25.32837988
1996-06,20.66604176,22.31357273,26.46425772
1996-07,21.53337703,23.82940844,27.48518278
1996-08,19.99103733,23.75864438,25.91653695
1996-09,20.07228049,22.90051874,25.94838861
1996-10,18.97412451,21.31928865,24.47950792
1996-11,17.87545405,19.38636446,22.95005229
1996-12,18.19557785,18.13091486,22.69931837
1997-01,20.56286171,18.27465541,25.84547235
1997-02,21.12817374,23.25832833,26.35280514
1997-03,24.37999117,21.06052573,29.42561119
1997-04,28.3371967,26.33311413,33.30586094
1997-05,28.43155483,27.63829572,33.02318269
1997-06,25.69701061,27.7993865,30.08242091
1997-07,24.36705723,26.15641881,28.86781996
1997-08,24.83465378,27.4877451,29.35962491
1997-09,22.82109466,27.99863041,27.38865145
1997-10,23.06109262,28.18986733,27.68764336
1997-11,24.98139021,29.71453933,29.20842791
1997-12,28.67752322,30.82774967,32.26651822
1998-01,29.67912201,31.51171262,33.28897665
1998-02,30.79275192,32.275751,34.51646186
1998-03,29.08228431,32.07318819,32.61244547
1998-04,28.20362993,31.03310624,31.36129849
1998-05,27.64333388,31.19100449,30.93301571
1998-06,29.55657936,29.58274873,32.89076754
1998-07,27.52245188,28.12377067,30.80810857
1998-08,28.90634608,25.43601944,32.20087794
1998-09,30.5668953,28.04043679,33.15203644
1998-10,31.31574896,29.67142905,33.29637094
1998-11,33.23649861,29.71959208,35.70732762
1998-12,33.88605979,34.07878054,36.18173607
1999-01,31.61572397,35.71287868,34.3530147
1999-02,30.27486723,34.94763057,33.8189784
1999-03,27.82216852,34.24259147,31.16607851
1999-04,24.80419651,31.38781473,28.19145691
1999-05,24.86042434,26.3183054,28.41999481
1999-06,26.28735063,25.92277366,29.92951072
1999-07,25.23419984,27.74280567,28.78669615
1999-08,22.78103353,26.44138256,26.47511833
1999-09,23.65525793,23.76417015,27.30586341
1999-10,27.56836407,24.2220041,30.71912674
1999-11,25.26521192,26.7410587,28.08653508
1999-12,24.41751507,25.16387844,26.24969999
2000-01,26.76742369,20.15137807,28.58287782
2000-02,25.37058211,18.37149375,26.05030647
2000-03,26.81163644,14.41829344,27.94802016
2000-04,29.31778487,14.69406558,30.1681858
2000-05,29.61760609,25.01702835,30.60657683
2000-06,28.53920383,28.38584647,29.63095764
2000-07,28.36968398,23.0742703,29.46205022
2000-08,28.72291877,19.82876062,30.10206977
2000-09,29.05436506,23.31911427,29.98213594
2000-10,30.37823054,23.24187816,31.05823146
2000-11,31.08052598,26.58201366,31.82561087
2000-12,26.82759176,28.78875769,27.99284243
2001-01,19.76381013,26.61227927,21.92183648
2001-02,17.80390301,21.38828077,20.27836533
2001-03,21.41720199,20.93479386,24.28650553
2001-04,19.06946563,24.98933006,22.4437002
2001-05,22.29051423,25.72967352,24.7354171
2001-06,25.12376078,25.3450657,27.96848109
2001-07,29.5802243,26.11329386,32.36529641
2001-08,27.90663169,28.86113646,30.99604638
2001-09,28.99646889,28.12500641,32.3520448
2001-10,34.25878698,31.98884063,37.44569465
2001-11,37.30879964,34.40365565,40.30319784
2001-12,43.74868825,36.07815906,47.35816487
2002-01,43.78955409,46.1617739,48.23853715
2002-02,41.84142248,47.50792096,46.58196955
2002-03,43.90708916,47.04593167,48.0733331
2002-04,41.55519046,46.11108194,46.20787523
2002-05,44.27102955,44.6352693,48.75123617
2002-06,41.45840932,46.45683725,46.39532375
2002-07,36.45520958,45.87668261,42.33812097
2002-08,33.91770566,44.41724163,39.04456692
2002-09,33.14789787,40.1419711,37.71179312
2002-10,25.79848002,39.89064544,30.86061786
2002-11,25.61946087,41.59942079,30.88013931
2002-12,23.84409262,43.20844911,29.0305579
2003-01,22.02152923,42.00569061,26.2789314
2003-02,21.27782536,40.38338962,24.77879422
2003-03,20.41125764,38.00264692,23.81200183
2003-04,22.92915029,36.79263051,27.53749441
2003-05,25.74319879,39.54845393,30.2503812
2003-06,24.21608432,39.08964803,29.03112731
2003-07,25.13742958,40.42903217,29.88972207
2003-08,24.07451016,41.46523952,29.19548345
2003-09,23.52547918,41.96513226,28.01090448
2003-10,23.04981597,40.06377462,28.26820128
2003-11,24.71711411,40.03543148,29.29051717
2003-12,23.47872263,39.60745933,27.80023565
2004-01,26.00523347,39.24570363,29.23004974
2004-02,23.69217188,37.36239108,27.72423345
2004-03,27.87226046,33.22573377,30.78254133
2004-04,20.91707783,32.64509199,25.50031338
2004-05,18.54356855,32.39725922,22.9560505
2004-06,24.62489873,32.01132798,28.52926624
2004-07,24.75108077,32.67922042,28.5450576
2004-08,23.94000271,32.3790579,27.74344223
2004-09,23.05722371,31.60118154,27.40945455
2004-10,20.87372784,29.01778422,24.48758607
2004-11,19.7155327,24.6485606,23.65429437
2004-12,21.31870725,21.09582516,24.73974596
2005-01,20.11308655,21.01961503,24.32945435
2005-02,18.67991996,19.56429281,22.71205728
2005-03,18.13864547,16.64098151,22.36064043
2005-04,16.64165749,18.20051766,21.34069601
2005-05,18.12524413,18.87772997,22.81783265
2005-06,22.027486,24.51228329,25.77264727
2005-07,20.77254761,27.30142256,23.53127458
2005-08,17.37038926,24.39757502,21.30801184
2005-09,15.95802,24.11936902,19.88634128
2005-10,15.79882015,27.12595908,20.38619708
2005-11,16.17061483,27.33034235,20.45368103
2005-12,18.10429901,26.46668749,22.1581133
2006-01,19.47405319,25.68305041,23.66782869
2006-02,18.26391577,27.6268405,22.65625756
2006-03,18.89850719,26.03104184,22.61391839
2006-04,18.05781619,24.29667828,22.13245122
2006-05,16.57664951,21.52182621,20.73118005
2006-06,18.62343615,19.43111042,22.9181756
2006-07,19.14651678,24.08058163,23.41627097
2006-08,17.60563942,25.87716712,21.98340957
2006-09,28.03460019,26.45731914,32.1727124
2006-10,35.15213217,35.14757719,38.93420677
2006-11,29.91476742,37.935189,33.88016006
2006-12,25.32638135,33.70124256,29.17070129
2007-01,32.85291131,30.93564602,36.47934366
2007-02,24.96036855,35.02118285,28.97589798
2007-03,19.75826775,31.74497158,24.17351734
2007-04,19.12982387,32.26650955,23.60559952
2007-05,16.46591642,30.9183949,20.83607208
2007-06,14.40066633,29.43848253,18.45661951
2007-07,18.10325652,26.87078104,21.99173364
2007-08,18.61699193,31.40453341,22.64942205
2007-09,12.26290267,28.56145674,16.36106445
2007-10,10.39424405,21.80269132,14.45908629
2007-11,12.15085177,19.92350128,15.34690655
2007-12,13.62398432,29.02769455,16.9205182
2008-01,15.04310111,32.66145003,18.49106596
2008-02,16.44747139,34.41972861,19.65110867
2008-03,19.55636544,37.93836038,22.83562996
2008-04,19.24834848,40.80659755,22.41608259
2008-05,19.40486285,42.02783104,22.28602692
2008-06,21.55045643,40.98709225,23.95562587
2008-07,23.98157834,42.418712,26.74307713
2008-08,23.82407278,44.273249,26.53594877
2008-09,25.98333261,44.31671754,28.89934907
2008-10,33.01533242,46.42086828,34.00603179
2008-11,48.31183471,49.92332144,48.90064702
2008-12,49.89954221,54.19729781,51.31514836
2009-01,46.90198789,51.72993053,49.12271723
2009-02,47.7782053,51.5944091,49.58415541
2009-03,48.65748227,52.93334413,50.5983515
2009-04,48.66560803,53.15032437,50.87984498
2009-05,49.05638563,53.80228236,51.40274328
2009-06,48.12097169,55.83488597,50.67860105
2009-07,46.49596981,55.93404567,49.17700888
2009-08,44.29187085,55.51814754,47.19875381
2009-09,43.43803512,50.47342926,46.72492446
2009-10,41.01552718,47.22776929,44.17117189
2009-11,31.63953537,46.62343537,34.04245374
2009-12,27.52015356,43.82913305,30.03923291
2010-01,24.9918527,42.57380128,27.0682882
2010-02,24.84359666,40.70330754,26.98247038
2010-03,24.42000733,40.85151032,26.49261743
2010-04,24.42178687,41.63143853,26.97049377
2010-05,25.56368672,42.35638124,28.18394974
2010-06,30.77669908,45.39184862,33.54890187
2010-07,28.40134457,50.71814243,30.32904438
2010-08,28.29443166,48.47125866,30.43700117
2010-09,28.08087262,45.12890884,30.19207444
2010-10,26.03048291,43.52935288,28.25253281
2010-11,28.12506027,41.4316593,30.14547545
2010-12,26.65171061,41.70445655,28.75885839
2011-01,26.760867,43.5819172,29.45841969
2011-02,24.79998769,41.45378785,27.1074938
2011-03,22.30960755,39.01990649,24.3961279
2011-04,21.2136962,37.024484,22.81062455
2011-05,21.35452347,35.26140555,23.50482434
2011-06,20.6440252,31.90125734,22.84662893
2011-07,20.32652634,29.01020926,22.03452204
2011-08,20.73201453,31.52744938,22.53511847
2011-09,20.90406304,33.14536193,23.32799147
2011-10,21.83530385,35.72196965,23.65396954
2011-11,21.14464576,39.94027451,22.76613567
2011-12,22.78941353,38.32370352,24.21703879
2012-01,24.14291673,39.23866553,25.5466614
2012-02,24.84245734,40.47067724,26.27920059
2012-03,27.26142832,39.23956559,28.60453132
2012-04,31.4481286,38.40172797,33.21481245
2012-05,35.77181291,39.08145564,37.82230532
2012-06,35.411663,39.57649712,37.40135931
2012-07,36.06343701,40.56829158,38.3624295
2012-08,33.33768092,42.19503939,35.49235872
2012-09,32.1674425,40.9504594,34.23087736
2012-10,30.33374204,39.4434567,32.4143337
2012-11,32.16482745,34.74225296,34.24178025
2012-12,29.86613919,32.58829947,31.8798507
2013-01,30.21635951,32.39570881,32.28854552
2013-02,28.7511646,31.77599865,30.82643963
2013-03,31.91929108,31.98520023,34.06845666
2013-04,31.5077334,31.98734628,33.76598647
2013-05,29.65683515,31.40742219,31.77046225
2013-06,28.57137395,30.03060921,30.64218589
2013-07,29.01651906,32.31177347,30.90357881
2013-08,31.02878684,35.10695616,32.93208146
2013-09,32.92681791,33.34887824,34.83597758
2013-10,32.35359611,34.64803375,34.48698927
2013-11,30.78862703,31.80207371,32.8693791
2013-12,30.36405165,30.3925501,32.54103321
2014-01,27.81089403,30.53303025,30.09746059
2014-02,29.57531285,28.96871763,31.7149043
2014-03,26.42217648,29.11346309,28.67887597
2014-04,24.51618406,27.40919355,26.30153774
2014-05,23.28140036,26.51533298,25.10910878
2014-06,23.39785136,24.69562068,25.14779323
2014-07,23.35310483,25.09170247,25.02191076
2014-08,24.59246277,25.4835637,26.36928553
2014-09,26.07626692,24.56903848,28.1271682
2014-10,27.22204125,26.16625665,29.26191877
2014-11,30.86306357,28.01581474,32.72045497
2014-12,35.63511815,32.87405797,37.63290661
2015-01,39.25455211,35.60695057,41.6824192
2015-02,37.208226,35.71994499,39.51068819
2015-03,36.37044914,33.15107367,38.81957321
2015-04,38.02549245,33.77080813,40.80783276
2015-05,36.42858889,35.80741032,39.18066539
2015-06,38.26723451,34.77087058,40.7743436
2015-07,37.70568484,36.36722372,40.69896876
2015-08,37.80693838,38.33367858,40.70063099
2015-09,36.57854129,39.60221295,39.88122481
2015-10,36.82429532,41.93382135,40.25890341
2015-11,38.76045247,43.75807843,41.69355305
2015-12,39.198394,44.0615188,42.12309969
2016-01,36.47420018,44.93172154,39.32321211
2016-02,37.0176865,42.87962793,40.03071416
2016-03,36.57116726,41.74291867,39.60888504
2016-04,34.45106902,41.24286002,37.56539748
2016-05,36.08619431,37.59716745,38.89916315
2016-06,35.43212394,35.35494536,38.29932667
2016-07,32.36661379,34.83963634,35.37819402
2016-08,31.86122534,33.11524757,34.88108241
2016-09,30.64984826,32.28458532,33.67766209
2016-10,28.23937677,29.01605232,31.24979274
2016-11,29.78047151,27.38870453,32.51954339
2016-12,26.86919283,27.34588481,29.50378159
2017-01,22.40527046,24.21209312,25.02221568
2017-02,19.16732231,23.17275314,21.40962234
2017-03,20.48158162,21.10383124,22.60096945
2017-04,21.05346301,19.17010289,23.42500982
2017-05,22.72099875,18.12032961,25.01968118
2017-06,23.2059954,17.98561381,25.27240112
2017-07,22.01504097,18.52263716,24.14559011
2017-08,21.27763487,17.43433203,23.59629892
2017-09,18.90568603,16.4501339,20.9398714
2017-10,22.93671284,15.80633013,24.51719947
2017-11,20.34235156,17.83781082,21.84918181
2017-12,20.68488367,16.80870117,21.7320162
2018-01,21.42528833,16.43133724,22.32608838
2018-02,21.85316154,16.46102546,22.86176928
2018-03,22.7689018,16.39427817,23.56545385
2018-04,22.30383643,18.8137684,23.03355782
2018-05,20.40832178,21.35609342,21.45930722
2018-06,20.10734235,20.04762215,20.59582163
2018-07,20.8227605,22.14185862,21.20215747
2018-08,21.4902432,24.71745096,21.72201717
2018-09,24.97098956,24.82367565,25.48377275
2018-10,23.39826989,25.65151297,23.8895807
2018-11,27.35772396,25.23168929,27.23619394
2018-12,30.32307386,28.17238474,30.57722894
2019-01,31.52314367,31.45212429,32.19429457
2019-02,33.36585882,35.61937528,33.86996321
2019-03,31.49889157,34.97528338,31.76934594
2019-04,30.41086535,32.15933439,30.76264056
2019-05,32.94447855,31.43878067,33.45725378
2019-06,34.07012913,30.33416734,34.81355415
2019-07,33.15384084,33.28200081,33.77731735
2019-08,27.92415371,31.63619914,29.13627656
2019-09,29.48411218,28.79325939,30.56481363
2019-10,30.66054057,28.86036254,31.37239278
2019-11,28.47980963,29.63319349,28.97540141
2019-12,27.09652862,26.22298234,27.56281348
2020-01,25.61638922,25.61127011,26.11894539
2020-02,29.11053849,24.69336488,29.69036034
2020-03,31.96808006,24.95678455,33.65177843
2020-04,40.44706873,39.65969618,41.72444372
2020-05,39.36274367,46.22212153,40.66156965
2020-06,36.81437663,45.06005847,38.17839174
2020-07,34.45184484,40.78585166,35.37503606
2020-08,31.65566874,39.55357091,32.50522001
2020-09,31.04944532,35.97401264,32.00247981
2020-10,31.14115995,35.7499208,32.66918825
2020-11,29.40003784,36.53215074,30.84794556
2020-12,26.68857286,35.06164443,28.2009766
2021-01,21.08832611,30.91753825,22.48075044
2021-02,15.97606958,26.38155409,17.74365427
2021-03,14.47106811,24.34590216,15.78763641
2021-04,15.85772745,19.89683084,16.86824737
2021-05,14.3478925,33.30648369,15.4737508
2021-06,14.41953775,33.2155729,15.49663466
2021-07,12.30993496,30.57896288,13.57678768
