file,channel,date,video_id,theme,mentions,mentions_per_1k,first_timestamp,substantial
bravos_2026-03-20_Qwvqz6K1Dyc.txt,bravos,2026-03-20,Qwvqz6K1Dyc,oil_energy,30,22.45508982035928,0:00,True
bravos_2026-03-20_Qwvqz6K1Dyc.txt,bravos,2026-03-20,Qwvqz6K1Dyc,inflation,6,4.491017964071856,3:29,True
bravos_2026-03-20_Qwvqz6K1Dyc.txt,bravos,2026-03-20,Qwvqz6K1Dyc,recession_labor,2,1.4970059880239521,5:30,False
bravos_2026-03-20_Qwvqz6K1Dyc.txt,bravos,2026-03-20,Qwvqz6K1Dyc,debt_credit,0,0.0,,False
bravos_2026-03-20_Qwvqz6K1Dyc.txt,bravos,2026-03-20,Qwvqz6K1Dyc,dollar_fx,6,4.491017964071856,0:46,True
bravos_2026-03-20_Qwvqz6K1Dyc.txt,bravos,2026-03-20,Qwvqz6K1Dyc,gold_silver,0,0.0,,False
bravos_2026-03-20_Qwvqz6K1Dyc.txt,bravos,2026-03-20,Qwvqz6K1Dyc,ai_tech,1,0.7485029940119761,5:16,False
bravos_2026-03-20_Qwvqz6K1Dyc.txt,bravos,2026-03-20,Qwvqz6K1Dyc,valuation_bubble,0,0.0,,False
bravos_2026-03-20_Qwvqz6K1Dyc.txt,bravos,2026-03-20,Qwvqz6K1Dyc,liquidity_rates,1,0.7485029940119761,3:46,False
bravos_2026-03-20_Qwvqz6K1Dyc.txt,bravos,2026-03-20,Qwvqz6K1Dyc,china_deglobalization,0,0.0,,False
bravos_2026-03-20_Qwvqz6K1Dyc.txt,bravos,2026-03-20,Qwvqz6K1Dyc,rotation_manufacturing,0,0.0,,False
bravos_2026-03-20_Qwvqz6K1Dyc.txt,bravos,2026-03-20,Qwvqz6K1Dyc,crypto,1,0.7485029940119761,6:56,False
bravos_2026-03-20_Qwvqz6K1Dyc.txt,bravos,2026-03-20,Qwvqz6K1Dyc,digital_control,0,0.0,,False
bravos_2026-03-20_Qwvqz6K1Dyc.txt,bravos,2026-03-20,Qwvqz6K1Dyc,housing,4,2.9940119760479043,3:54,True
bravos_2026-03-26_d2xewVN_eDE.txt,bravos,2026-03-26,d2xewVN_eDE,oil_energy,15,7.292173067574137,0:29,True
bravos_2026-03-26_d2xewVN_eDE.txt,bravos,2026-03-26,d2xewVN_eDE,inflation,30,14.584346135148275,0:48,True
bravos_2026-03-26_d2xewVN_eDE.txt,bravos,2026-03-26,d2xewVN_eDE,recession_labor,0,0.0,,False
bravos_2026-03-26_d2xewVN_eDE.txt,bravos,2026-03-26,d2xewVN_eDE,debt_credit,0,0.0,,False
bravos_2026-03-26_d2xewVN_eDE.txt,bravos,2026-03-26,d2xewVN_eDE,dollar_fx,1,0.4861448711716091,7:44,False
bravos_2026-03-26_d2xewVN_eDE.txt,bravos,2026-03-26,d2xewVN_eDE,gold_silver,2,0.9722897423432182,7:44,False
bravos_2026-03-26_d2xewVN_eDE.txt,bravos,2026-03-26,d2xewVN_eDE,ai_tech,4,1.9445794846864364,8:30,True
bravos_2026-03-26_d2xewVN_eDE.txt,bravos,2026-03-26,d2xewVN_eDE,valuation_bubble,9,4.375303840544483,5:00,True
bravos_2026-03-26_d2xewVN_eDE.txt,bravos,2026-03-26,d2xewVN_eDE,liquidity_rates,0,0.0,,False
bravos_2026-03-26_d2xewVN_eDE.txt,bravos,2026-03-26,d2xewVN_eDE,china_deglobalization,0,0.0,,False
bravos_2026-03-26_d2xewVN_eDE.txt,bravos,2026-03-26,d2xewVN_eDE,rotation_manufacturing,14,6.806028196402528,7:01,True
bravos_2026-03-26_d2xewVN_eDE.txt,bravos,2026-03-26,d2xewVN_eDE,crypto,0,0.0,,False
bravos_2026-03-26_d2xewVN_eDE.txt,bravos,2026-03-26,d2xewVN_eDE,digital_control,0,0.0,,False
bravos_2026-03-26_d2xewVN_eDE.txt,bravos,2026-03-26,d2xewVN_eDE,housing,0,0.0,,False
bravos_2026-04-02_XDDBhShILQA.txt,bravos,2026-04-02,XDDBhShILQA,oil_energy,11,5.35279805352798,0:46,True
bravos_2026-04-02_XDDBhShILQA.txt,bravos,2026-04-02,XDDBhShILQA,inflation,8,3.8929440389294405,1:15,True
bravos_2026-04-02_XDDBhShILQA.txt,bravos,2026-04-02,XDDBhShILQA,recession_labor,0,0.0,,False
bravos_2026-04-02_XDDBhShILQA.txt,bravos,2026-04-02,XDDBhShILQA,debt_credit,3,1.4598540145985401,4:10,True
bravos_2026-04-02_XDDBhShILQA.txt,bravos,2026-04-02,XDDBhShILQA,dollar_fx,0,0.0,,False
bravos_2026-04-02_XDDBhShILQA.txt,bravos,2026-04-02,XDDBhShILQA,gold_silver,0,0.0,,False
bravos_2026-04-02_XDDBhShILQA.txt,bravos,2026-04-02,XDDBhShILQA,ai_tech,1,0.48661800486618007,9:26,False
bravos_2026-04-02_XDDBhShILQA.txt,bravos,2026-04-02,XDDBhShILQA,valuation_bubble,2,0.9732360097323601,8:23,False
bravos_2026-04-02_XDDBhShILQA.txt,bravos,2026-04-02,XDDBhShILQA,liquidity_rates,16,7.785888077858881,2:17,True
bravos_2026-04-02_XDDBhShILQA.txt,bravos,2026-04-02,XDDBhShILQA,china_deglobalization,0,0.0,,False
bravos_2026-04-02_XDDBhShILQA.txt,bravos,2026-04-02,XDDBhShILQA,rotation_manufacturing,0,0.0,,False
bravos_2026-04-02_XDDBhShILQA.txt,bravos,2026-04-02,XDDBhShILQA,crypto,0,0.0,,False
bravos_2026-04-02_XDDBhShILQA.txt,bravos,2026-04-02,XDDBhShILQA,digital_control,0,0.0,,False
bravos_2026-04-02_XDDBhShILQA.txt,bravos,2026-04-02,XDDBhShILQA,housing,2,0.9732360097323601,6:10,False
bravos_2026-04-08_Nyb4yfSUlT4.txt,bravos,2026-04-08,Nyb4yfSUlT4,oil_energy,23,13.264129181084199,0:13,True
bravos_2026-04-08_Nyb4yfSUlT4.txt,bravos,2026-04-08,Nyb4yfSUlT4,inflation,8,4.61361014994233,0:46,True
bravos_2026-04-08_Nyb4yfSUlT4.txt,bravos,2026-04-08,Nyb4yfSUlT4,recession_labor,10,5.767012687427912,0:50,True
bravos_2026-04-08_Nyb4yfSUlT4.txt,bravos,2026-04-08,Nyb4yfSUlT4,debt_credit,0,0.0,,False
bravos_2026-04-08_Nyb4yfSUlT4.txt,bravos,2026-04-08,Nyb4yfSUlT4,dollar_fx,0,0.0,,False
bravos_2026-04-08_Nyb4yfSUlT4.txt,bravos,2026-04-08,Nyb4yfSUlT4,gold_silver,0,0.0,,False
bravos_2026-04-08_Nyb4yfSUlT4.txt,bravos,2026-04-08,Nyb4yfSUlT4,ai_tech,1,0.5767012687427913,8:29,False
bravos_2026-04-08_Nyb4yfSUlT4.txt,bravos,2026-04-08,Nyb4yfSUlT4,valuation_bubble,2,1.1534025374855825,5:22,False
bravos_2026-04-08_Nyb4yfSUlT4.txt,bravos,2026-04-08,Nyb4yfSUlT4,liquidity_rates,1,0.5767012687427913,3:28,False
bravos_2026-04-08_Nyb4yfSUlT4.txt,bravos,2026-04-08,Nyb4yfSUlT4,china_deglobalization,0,0.0,,False
bravos_2026-04-08_Nyb4yfSUlT4.txt,bravos,2026-04-08,Nyb4yfSUlT4,rotation_manufacturing,0,0.0,,False
bravos_2026-04-08_Nyb4yfSUlT4.txt,bravos,2026-04-08,Nyb4yfSUlT4,crypto,0,0.0,,False
bravos_2026-04-08_Nyb4yfSUlT4.txt,bravos,2026-04-08,Nyb4yfSUlT4,digital_control,0,0.0,,False
bravos_2026-04-08_Nyb4yfSUlT4.txt,bravos,2026-04-08,Nyb4yfSUlT4,housing,0,0.0,,False
bravos_2026-04-20_qaxPhSP8jbg.txt,bravos,2026-04-20,qaxPhSP8jbg,oil_energy,9,3.2810791104629966,0:07,True
bravos_2026-04-20_qaxPhSP8jbg.txt,bravos,2026-04-20,qaxPhSP8jbg,inflation,17,6.197593875318994,0:42,True
bravos_2026-04-20_qaxPhSP8jbg.txt,bravos,2026-04-20,qaxPhSP8jbg,recession_labor,2,0.7291286912139993,7:47,False
bravos_2026-04-20_qaxPhSP8jbg.txt,bravos,2026-04-20,qaxPhSP8jbg,debt_credit,0,0.0,,False
bravos_2026-04-20_qaxPhSP8jbg.txt,bravos,2026-04-20,qaxPhSP8jbg,dollar_fx,12,4.374772147283996,2:39,True
bravos_2026-04-20_qaxPhSP8jbg.txt,bravos,2026-04-20,qaxPhSP8jbg,gold_silver,15,5.4684651841049945,1:56,True
bravos_2026-04-20_qaxPhSP8jbg.txt,bravos,2026-04-20,qaxPhSP8jbg,ai_tech,0,0.0,,False
bravos_2026-04-20_qaxPhSP8jbg.txt,bravos,2026-04-20,qaxPhSP8jbg,valuation_bubble,0,0.0,,False
bravos_2026-04-20_qaxPhSP8jbg.txt,bravos,2026-04-20,qaxPhSP8jbg,liquidity_rates,0,0.0,,False
bravos_2026-04-20_qaxPhSP8jbg.txt,bravos,2026-04-20,qaxPhSP8jbg,china_deglobalization,0,0.0,,False
bravos_2026-04-20_qaxPhSP8jbg.txt,bravos,2026-04-20,qaxPhSP8jbg,rotation_manufacturing,16,5.833029529711994,0:24,True
bravos_2026-04-20_qaxPhSP8jbg.txt,bravos,2026-04-20,qaxPhSP8jbg,crypto,0,0.0,,False
bravos_2026-04-20_qaxPhSP8jbg.txt,bravos,2026-04-20,qaxPhSP8jbg,digital_control,0,0.0,,False
bravos_2026-04-20_qaxPhSP8jbg.txt,bravos,2026-04-20,qaxPhSP8jbg,housing,0,0.0,,False
bravos_2026-04-23_iq599kyAjVA.txt,bravos,2026-04-23,iq599kyAjVA,oil_energy,4,2.1321961620469083,0:00,True
bravos_2026-04-23_iq599kyAjVA.txt,bravos,2026-04-23,iq599kyAjVA,inflation,24,12.793176972281449,0:44,True
bravos_2026-04-23_iq599kyAjVA.txt,bravos,2026-04-23,iq599kyAjVA,recession_labor,4,2.1321961620469083,4:27,True
bravos_2026-04-23_iq599kyAjVA.txt,bravos,2026-04-23,iq599kyAjVA,debt_credit,1,0.5330490405117271,1:00,False
bravos_2026-04-23_iq599kyAjVA.txt,bravos,2026-04-23,iq599kyAjVA,dollar_fx,11,5.863539445628998,0:24,True
bravos_2026-04-23_iq599kyAjVA.txt,bravos,2026-04-23,iq599kyAjVA,gold_silver,0,0.0,,False
bravos_2026-04-23_iq599kyAjVA.txt,bravos,2026-04-23,iq599kyAjVA,ai_tech,0,0.0,,False
bravos_2026-04-23_iq599kyAjVA.txt,bravos,2026-04-23,iq599kyAjVA,valuation_bubble,0,0.0,,False
bravos_2026-04-23_iq599kyAjVA.txt,bravos,2026-04-23,iq599kyAjVA,liquidity_rates,8,4.264392324093817,0:37,True
bravos_2026-04-23_iq599kyAjVA.txt,bravos,2026-04-23,iq599kyAjVA,china_deglobalization,0,0.0,,False
bravos_2026-04-23_iq599kyAjVA.txt,bravos,2026-04-23,iq599kyAjVA,rotation_manufacturing,4,2.1321961620469083,7:56,True
bravos_2026-04-23_iq599kyAjVA.txt,bravos,2026-04-23,iq599kyAjVA,crypto,0,0.0,,False
bravos_2026-04-23_iq599kyAjVA.txt,bravos,2026-04-23,iq599kyAjVA,digital_control,0,0.0,,False
bravos_2026-04-23_iq599kyAjVA.txt,bravos,2026-04-23,iq599kyAjVA,housing,0,0.0,,False
bravos_2026-04-27_PN8bHAr0f1M.txt,bravos,2026-04-27,PN8bHAr0f1M,oil_energy,15,6.830601092896175,1:13,True
bravos_2026-04-27_PN8bHAr0f1M.txt,bravos,2026-04-27,PN8bHAr0f1M,inflation,4,1.8214936247723132,7:20,True
bravos_2026-04-27_PN8bHAr0f1M.txt,bravos,2026-04-27,PN8bHAr0f1M,recession_labor,29,13.20582877959927,1:20,True
bravos_2026-04-27_PN8bHAr0f1M.txt,bravos,2026-04-27,PN8bHAr0f1M,debt_credit,0,0.0,,False
bravos_2026-04-27_PN8bHAr0f1M.txt,bravos,2026-04-27,PN8bHAr0f1M,dollar_fx,1,0.4553734061930783,3:37,False
bravos_2026-04-27_PN8bHAr0f1M.txt,bravos,2026-04-27,PN8bHAr0f1M,gold_silver,0,0.0,,False
bravos_2026-04-27_PN8bHAr0f1M.txt,bravos,2026-04-27,PN8bHAr0f1M,ai_tech,0,0.0,,False
bravos_2026-04-27_PN8bHAr0f1M.txt,bravos,2026-04-27,PN8bHAr0f1M,valuation_bubble,0,0.0,,False
bravos_2026-04-27_PN8bHAr0f1M.txt,bravos,2026-04-27,PN8bHAr0f1M,liquidity_rates,17,7.741347905282332,3:31,True
bravos_2026-04-27_PN8bHAr0f1M.txt,bravos,2026-04-27,PN8bHAr0f1M,china_deglobalization,0,0.0,,False
bravos_2026-04-27_PN8bHAr0f1M.txt,bravos,2026-04-27,PN8bHAr0f1M,rotation_manufacturing,3,1.366120218579235,7:30,True
bravos_2026-04-27_PN8bHAr0f1M.txt,bravos,2026-04-27,PN8bHAr0f1M,crypto,0,0.0,,False
bravos_2026-04-27_PN8bHAr0f1M.txt,bravos,2026-04-27,PN8bHAr0f1M,digital_control,0,0.0,,False
bravos_2026-04-27_PN8bHAr0f1M.txt,bravos,2026-04-27,PN8bHAr0f1M,housing,0,0.0,,False
bravos_2026-05-01_YUwjueXzffE.txt,bravos,2026-05-01,YUwjueXzffE,oil_energy,2,1.0758472296933834,1:10,False
bravos_2026-05-01_YUwjueXzffE.txt,bravos,2026-05-01,YUwjueXzffE,inflation,8,4.303388918773534,0:04,True
bravos_2026-05-01_YUwjueXzffE.txt,bravos,2026-05-01,YUwjueXzffE,recession_labor,0,0.0,,False
bravos_2026-05-01_YUwjueXzffE.txt,bravos,2026-05-01,YUwjueXzffE,debt_credit,1,0.5379236148466917,2:07,False
bravos_2026-05-01_YUwjueXzffE.txt,bravos,2026-05-01,YUwjueXzffE,dollar_fx,1,0.5379236148466917,9:26,False
bravos_2026-05-01_YUwjueXzffE.txt,bravos,2026-05-01,YUwjueXzffE,gold_silver,0,0.0,,False
bravos_2026-05-01_YUwjueXzffE.txt,bravos,2026-05-01,YUwjueXzffE,ai_tech,3,1.6137708445400754,8:52,True
bravos_2026-05-01_YUwjueXzffE.txt,bravos,2026-05-01,YUwjueXzffE,valuation_bubble,0,0.0,,False
bravos_2026-05-01_YUwjueXzffE.txt,bravos,2026-05-01,YUwjueXzffE,liquidity_rates,16,8.606777837547067,5:02,True
bravos_2026-05-01_YUwjueXzffE.txt,bravos,2026-05-01,YUwjueXzffE,china_deglobalization,0,0.0,,False
bravos_2026-05-01_YUwjueXzffE.txt,bravos,2026-05-01,YUwjueXzffE,rotation_manufacturing,1,0.5379236148466917,0:19,False
bravos_2026-05-01_YUwjueXzffE.txt,bravos,2026-05-01,YUwjueXzffE,crypto,0,0.0,,False
bravos_2026-05-01_YUwjueXzffE.txt,bravos,2026-05-01,YUwjueXzffE,digital_control,0,0.0,,False
bravos_2026-05-01_YUwjueXzffE.txt,bravos,2026-05-01,YUwjueXzffE,housing,0,0.0,,False
bravos_2026-05-07_opuHyONlqjY.txt,bravos,2026-05-07,opuHyONlqjY,oil_energy,0,0.0,,False
bravos_2026-05-07_opuHyONlqjY.txt,bravos,2026-05-07,opuHyONlqjY,inflation,0,0.0,,False
bravos_2026-05-07_opuHyONlqjY.txt,bravos,2026-05-07,opuHyONlqjY,recession_labor,0,0.0,,False
bravos_2026-05-07_opuHyONlqjY.txt,bravos,2026-05-07,opuHyONlqjY,debt_credit,1,0.7204610951008645,1:48,False
bravos_2026-05-07_opuHyONlqjY.txt,bravos,2026-05-07,opuHyONlqjY,dollar_fx,0,0.0,,False
bravos_2026-05-07_opuHyONlqjY.txt,bravos,2026-05-07,opuHyONlqjY,gold_silver,1,0.7204610951008645,6:35,False
bravos_2026-05-07_opuHyONlqjY.txt,bravos,2026-05-07,opuHyONlqjY,ai_tech,14,10.086455331412104,0:00,True
bravos_2026-05-07_opuHyONlqjY.txt,bravos,2026-05-07,opuHyONlqjY,valuation_bubble,4,2.881844380403458,0:57,True
bravos_2026-05-07_opuHyONlqjY.txt,bravos,2026-05-07,opuHyONlqjY,liquidity_rates,0,0.0,,False
bravos_2026-05-07_opuHyONlqjY.txt,bravos,2026-05-07,opuHyONlqjY,china_deglobalization,0,0.0,,False
bravos_2026-05-07_opuHyONlqjY.txt,bravos,2026-05-07,opuHyONlqjY,rotation_manufacturing,8,5.763688760806916,3:00,True
bravos_2026-05-07_opuHyONlqjY.txt,bravos,2026-05-07,opuHyONlqjY,crypto,0,0.0,,False
bravos_2026-05-07_opuHyONlqjY.txt,bravos,2026-05-07,opuHyONlqjY,digital_control,0,0.0,,False
bravos_2026-05-07_opuHyONlqjY.txt,bravos,2026-05-07,opuHyONlqjY,housing,0,0.0,,False
bravos_2026-05-11_ZyC3GRY5e1M.txt,bravos,2026-05-11,ZyC3GRY5e1M,oil_energy,5,2.721829069134458,4:50,True
bravos_2026-05-11_ZyC3GRY5e1M.txt,bravos,2026-05-11,ZyC3GRY5e1M,inflation,11,5.9880239520958085,2:05,True
bravos_2026-05-11_ZyC3GRY5e1M.txt,bravos,2026-05-11,ZyC3GRY5e1M,recession_labor,19,10.342950462710942,0:35,True
bravos_2026-05-11_ZyC3GRY5e1M.txt,bravos,2026-05-11,ZyC3GRY5e1M,debt_credit,0,0.0,,False
bravos_2026-05-11_ZyC3GRY5e1M.txt,bravos,2026-05-11,ZyC3GRY5e1M,dollar_fx,0,0.0,,False
bravos_2026-05-11_ZyC3GRY5e1M.txt,bravos,2026-05-11,ZyC3GRY5e1M,gold_silver,0,0.0,,False
bravos_2026-05-11_ZyC3GRY5e1M.txt,bravos,2026-05-11,ZyC3GRY5e1M,ai_tech,6,3.26619488296135,7:05,True
bravos_2026-05-11_ZyC3GRY5e1M.txt,bravos,2026-05-11,ZyC3GRY5e1M,valuation_bubble,0,0.0,,False
bravos_2026-05-11_ZyC3GRY5e1M.txt,bravos,2026-05-11,ZyC3GRY5e1M,liquidity_rates,35,19.05280348394121,0:07,True
bravos_2026-05-11_ZyC3GRY5e1M.txt,bravos,2026-05-11,ZyC3GRY5e1M,china_deglobalization,0,0.0,,False
bravos_2026-05-11_ZyC3GRY5e1M.txt,bravos,2026-05-11,ZyC3GRY5e1M,rotation_manufacturing,0,0.0,,False
bravos_2026-05-11_ZyC3GRY5e1M.txt,bravos,2026-05-11,ZyC3GRY5e1M,crypto,0,0.0,,False
bravos_2026-05-11_ZyC3GRY5e1M.txt,bravos,2026-05-11,ZyC3GRY5e1M,digital_control,0,0.0,,False
bravos_2026-05-11_ZyC3GRY5e1M.txt,bravos,2026-05-11,ZyC3GRY5e1M,housing,2,1.0887316276537835,5:49,False
bravos_2026-05-13_HUSPFNHI6PY.txt,bravos,2026-05-13,HUSPFNHI6PY,oil_energy,1,0.708215297450425,6:26,False
bravos_2026-05-13_HUSPFNHI6PY.txt,bravos,2026-05-13,HUSPFNHI6PY,inflation,1,0.708215297450425,2:19,False
bravos_2026-05-13_HUSPFNHI6PY.txt,bravos,2026-05-13,HUSPFNHI6PY,recession_labor,0,0.0,,False
bravos_2026-05-13_HUSPFNHI6PY.txt,bravos,2026-05-13,HUSPFNHI6PY,debt_credit,4,2.8328611898017,5:34,True
bravos_2026-05-13_HUSPFNHI6PY.txt,bravos,2026-05-13,HUSPFNHI6PY,dollar_fx,0,0.0,,False
bravos_2026-05-13_HUSPFNHI6PY.txt,bravos,2026-05-13,HUSPFNHI6PY,gold_silver,0,0.0,,False
bravos_2026-05-13_HUSPFNHI6PY.txt,bravos,2026-05-13,HUSPFNHI6PY,ai_tech,2,1.41643059490085,7:14,False
bravos_2026-05-13_HUSPFNHI6PY.txt,bravos,2026-05-13,HUSPFNHI6PY,valuation_bubble,17,12.039660056657222,0:00,True
bravos_2026-05-13_HUSPFNHI6PY.txt,bravos,2026-05-13,HUSPFNHI6PY,liquidity_rates,0,0.0,,False
bravos_2026-05-13_HUSPFNHI6PY.txt,bravos,2026-05-13,HUSPFNHI6PY,china_deglobalization,0,0.0,,False
bravos_2026-05-13_HUSPFNHI6PY.txt,bravos,2026-05-13,HUSPFNHI6PY,rotation_manufacturing,0,0.0,,False
bravos_2026-05-13_HUSPFNHI6PY.txt,bravos,2026-05-13,HUSPFNHI6PY,crypto,0,0.0,,False
bravos_2026-05-13_HUSPFNHI6PY.txt,bravos,2026-05-13,HUSPFNHI6PY,digital_control,0,0.0,,False
bravos_2026-05-13_HUSPFNHI6PY.txt,bravos,2026-05-13,HUSPFNHI6PY,housing,0,0.0,,False
bravos_2026-05-15_7830S4NkFe8.txt,bravos,2026-05-15,7830S4NkFe8,oil_energy,1,0.49019607843137253,6:07,False
bravos_2026-05-15_7830S4NkFe8.txt,bravos,2026-05-15,7830S4NkFe8,inflation,12,5.88235294117647,3:24,True
bravos_2026-05-15_7830S4NkFe8.txt,bravos,2026-05-15,7830S4NkFe8,recession_labor,0,0.0,,False
bravos_2026-05-15_7830S4NkFe8.txt,bravos,2026-05-15,7830S4NkFe8,debt_credit,1,0.49019607843137253,6:48,False
bravos_2026-05-15_7830S4NkFe8.txt,bravos,2026-05-15,7830S4NkFe8,dollar_fx,3,1.4705882352941175,3:16,True
bravos_2026-05-15_7830S4NkFe8.txt,bravos,2026-05-15,7830S4NkFe8,gold_silver,0,0.0,,False
bravos_2026-05-15_7830S4NkFe8.txt,bravos,2026-05-15,7830S4NkFe8,ai_tech,8,3.9215686274509802,6:23,True
bravos_2026-05-15_7830S4NkFe8.txt,bravos,2026-05-15,7830S4NkFe8,valuation_bubble,2,0.9803921568627451,1:51,False
bravos_2026-05-15_7830S4NkFe8.txt,bravos,2026-05-15,7830S4NkFe8,liquidity_rates,0,0.0,,False
bravos_2026-05-15_7830S4NkFe8.txt,bravos,2026-05-15,7830S4NkFe8,china_deglobalization,0,0.0,,False
bravos_2026-05-15_7830S4NkFe8.txt,bravos,2026-05-15,7830S4NkFe8,rotation_manufacturing,6,2.941176470588235,2:46,True
bravos_2026-05-15_7830S4NkFe8.txt,bravos,2026-05-15,7830S4NkFe8,crypto,1,0.49019607843137253,10:02,False
bravos_2026-05-15_7830S4NkFe8.txt,bravos,2026-05-15,7830S4NkFe8,digital_control,0,0.0,,False
bravos_2026-05-15_7830S4NkFe8.txt,bravos,2026-05-15,7830S4NkFe8,housing,0,0.0,,False
bravos_2026-05-29_eKomHGJgJEU.txt,bravos,2026-05-29,eKomHGJgJEU,oil_energy,0,0.0,,False
bravos_2026-05-29_eKomHGJgJEU.txt,bravos,2026-05-29,eKomHGJgJEU,inflation,7,3.6939313984168862,5:19,True
bravos_2026-05-29_eKomHGJgJEU.txt,bravos,2026-05-29,eKomHGJgJEU,recession_labor,6,3.1662269129287597,2:40,True
bravos_2026-05-29_eKomHGJgJEU.txt,bravos,2026-05-29,eKomHGJgJEU,debt_credit,0,0.0,,False
bravos_2026-05-29_eKomHGJgJEU.txt,bravos,2026-05-29,eKomHGJgJEU,dollar_fx,0,0.0,,False
bravos_2026-05-29_eKomHGJgJEU.txt,bravos,2026-05-29,eKomHGJgJEU,gold_silver,0,0.0,,False
bravos_2026-05-29_eKomHGJgJEU.txt,bravos,2026-05-29,eKomHGJgJEU,ai_tech,1,0.5277044854881267,8:52,False
bravos_2026-05-29_eKomHGJgJEU.txt,bravos,2026-05-29,eKomHGJgJEU,valuation_bubble,2,1.0554089709762533,0:23,False
bravos_2026-05-29_eKomHGJgJEU.txt,bravos,2026-05-29,eKomHGJgJEU,liquidity_rates,34,17.94195250659631,1:21,True
bravos_2026-05-29_eKomHGJgJEU.txt,bravos,2026-05-29,eKomHGJgJEU,china_deglobalization,0,0.0,,False
bravos_2026-05-29_eKomHGJgJEU.txt,bravos,2026-05-29,eKomHGJgJEU,rotation_manufacturing,0,0.0,,False
bravos_2026-05-29_eKomHGJgJEU.txt,bravos,2026-05-29,eKomHGJgJEU,crypto,0,0.0,,False
bravos_2026-05-29_eKomHGJgJEU.txt,bravos,2026-05-29,eKomHGJgJEU,digital_control,0,0.0,,False
bravos_2026-05-29_eKomHGJgJEU.txt,bravos,2026-05-29,eKomHGJgJEU,housing,1,0.5277044854881267,9:16,False
bravos_2026-06-02_bgAmexfyVOI.txt,bravos,2026-06-02,bgAmexfyVOI,oil_energy,0,0.0,,False
bravos_2026-06-02_bgAmexfyVOI.txt,bravos,2026-06-02,bgAmexfyVOI,inflation,2,0.9341429238673516,5:51,False
bravos_2026-06-02_bgAmexfyVOI.txt,bravos,2026-06-02,bgAmexfyVOI,recession_labor,0,0.0,,False
bravos_2026-06-02_bgAmexfyVOI.txt,bravos,2026-06-02,bgAmexfyVOI,debt_credit,0,0.0,,False
bravos_2026-06-02_bgAmexfyVOI.txt,bravos,2026-06-02,bgAmexfyVOI,dollar_fx,0,0.0,,False
bravos_2026-06-02_bgAmexfyVOI.txt,bravos,2026-06-02,bgAmexfyVOI,gold_silver,0,0.0,,False
bravos_2026-06-02_bgAmexfyVOI.txt,bravos,2026-06-02,bgAmexfyVOI,ai_tech,28,13.078000934142924,0:00,True
bravos_2026-06-02_bgAmexfyVOI.txt,bravos,2026-06-02,bgAmexfyVOI,valuation_bubble,26,12.143858010275572,0:00,True
bravos_2026-06-02_bgAmexfyVOI.txt,bravos,2026-06-02,bgAmexfyVOI,liquidity_rates,31,14.479215319943952,4:31,True
bravos_2026-06-02_bgAmexfyVOI.txt,bravos,2026-06-02,bgAmexfyVOI,china_deglobalization,0,0.0,,False
bravos_2026-06-02_bgAmexfyVOI.txt,bravos,2026-06-02,bgAmexfyVOI,rotation_manufacturing,0,0.0,,False
bravos_2026-06-02_bgAmexfyVOI.txt,bravos,2026-06-02,bgAmexfyVOI,crypto,1,0.4670714619336758,9:24,False
bravos_2026-06-02_bgAmexfyVOI.txt,bravos,2026-06-02,bgAmexfyVOI,digital_control,0,0.0,,False
bravos_2026-06-02_bgAmexfyVOI.txt,bravos,2026-06-02,bgAmexfyVOI,housing,2,0.9341429238673516,10:10,False
bravos_2026-06-05_inUGgMv9Zq0.txt,bravos,2026-06-05,inUGgMv9Zq0,oil_energy,0,0.0,,False
bravos_2026-06-05_inUGgMv9Zq0.txt,bravos,2026-06-05,inUGgMv9Zq0,inflation,0,0.0,,False
bravos_2026-06-05_inUGgMv9Zq0.txt,bravos,2026-06-05,inUGgMv9Zq0,recession_labor,14,8.526187576126675,0:48,True
bravos_2026-06-05_inUGgMv9Zq0.txt,bravos,2026-06-05,inUGgMv9Zq0,debt_credit,0,0.0,,False
bravos_2026-06-05_inUGgMv9Zq0.txt,bravos,2026-06-05,inUGgMv9Zq0,dollar_fx,0,0.0,,False
bravos_2026-06-05_inUGgMv9Zq0.txt,bravos,2026-06-05,inUGgMv9Zq0,gold_silver,0,0.0,,False
bravos_2026-06-05_inUGgMv9Zq0.txt,bravos,2026-06-05,inUGgMv9Zq0,ai_tech,30,18.270401948842874,1:16,True
bravos_2026-06-05_inUGgMv9Zq0.txt,bravos,2026-06-05,inUGgMv9Zq0,valuation_bubble,0,0.0,,False
bravos_2026-06-05_inUGgMv9Zq0.txt,bravos,2026-06-05,inUGgMv9Zq0,liquidity_rates,0,0.0,,False
bravos_2026-06-05_inUGgMv9Zq0.txt,bravos,2026-06-05,inUGgMv9Zq0,china_deglobalization,0,0.0,,False
bravos_2026-06-05_inUGgMv9Zq0.txt,bravos,2026-06-05,inUGgMv9Zq0,rotation_manufacturing,1,0.6090133982947624,0:08,False
bravos_2026-06-05_inUGgMv9Zq0.txt,bravos,2026-06-05,inUGgMv9Zq0,crypto,0,0.0,,False
bravos_2026-06-05_inUGgMv9Zq0.txt,bravos,2026-06-05,inUGgMv9Zq0,digital_control,0,0.0,,False
bravos_2026-06-05_inUGgMv9Zq0.txt,bravos,2026-06-05,inUGgMv9Zq0,housing,1,0.6090133982947624,3:03,False
bravos_2026-06-11_zmIhCFYlBP0.txt,bravos,2026-06-11,zmIhCFYlBP0,oil_energy,0,0.0,,False
bravos_2026-06-11_zmIhCFYlBP0.txt,bravos,2026-06-11,zmIhCFYlBP0,inflation,1,0.49504950495049505,2:31,False
bravos_2026-06-11_zmIhCFYlBP0.txt,bravos,2026-06-11,zmIhCFYlBP0,recession_labor,1,0.49504950495049505,10:33,False
bravos_2026-06-11_zmIhCFYlBP0.txt,bravos,2026-06-11,zmIhCFYlBP0,debt_credit,0,0.0,,False
bravos_2026-06-11_zmIhCFYlBP0.txt,bravos,2026-06-11,zmIhCFYlBP0,dollar_fx,3,1.4851485148514851,8:42,True
bravos_2026-06-11_zmIhCFYlBP0.txt,bravos,2026-06-11,zmIhCFYlBP0,gold_silver,4,1.9801980198019802,9:22,True
bravos_2026-06-11_zmIhCFYlBP0.txt,bravos,2026-06-11,zmIhCFYlBP0,ai_tech,10,4.9504950495049505,1:54,True
bravos_2026-06-11_zmIhCFYlBP0.txt,bravos,2026-06-11,zmIhCFYlBP0,valuation_bubble,4,1.9801980198019802,0:57,True
bravos_2026-06-11_zmIhCFYlBP0.txt,bravos,2026-06-11,zmIhCFYlBP0,liquidity_rates,15,7.425742574257425,6:41,True
bravos_2026-06-11_zmIhCFYlBP0.txt,bravos,2026-06-11,zmIhCFYlBP0,china_deglobalization,0,0.0,,False
bravos_2026-06-11_zmIhCFYlBP0.txt,bravos,2026-06-11,zmIhCFYlBP0,rotation_manufacturing,0,0.0,,False
bravos_2026-06-11_zmIhCFYlBP0.txt,bravos,2026-06-11,zmIhCFYlBP0,crypto,0,0.0,,False
bravos_2026-06-11_zmIhCFYlBP0.txt,bravos,2026-06-11,zmIhCFYlBP0,digital_control,0,0.0,,False
bravos_2026-06-11_zmIhCFYlBP0.txt,bravos,2026-06-11,zmIhCFYlBP0,housing,1,0.49504950495049505,10:33,False
bravos_2026-06-15_Ev6e1dJCelc.txt,bravos,2026-06-15,Ev6e1dJCelc,oil_energy,1,0.5896226415094339,7:10,False
bravos_2026-06-15_Ev6e1dJCelc.txt,bravos,2026-06-15,Ev6e1dJCelc,inflation,2,1.1792452830188678,3:11,False
bravos_2026-06-15_Ev6e1dJCelc.txt,bravos,2026-06-15,Ev6e1dJCelc,recession_labor,27,15.919811320754716,0:04,True
bravos_2026-06-15_Ev6e1dJCelc.txt,bravos,2026-06-15,Ev6e1dJCelc,debt_credit,4,2.3584905660377355,2:37,True
bravos_2026-06-15_Ev6e1dJCelc.txt,bravos,2026-06-15,Ev6e1dJCelc,dollar_fx,0,0.0,,False
bravos_2026-06-15_Ev6e1dJCelc.txt,bravos,2026-06-15,Ev6e1dJCelc,gold_silver,0,0.0,,False
bravos_2026-06-15_Ev6e1dJCelc.txt,bravos,2026-06-15,Ev6e1dJCelc,ai_tech,1,0.5896226415094339,8:27,False
bravos_2026-06-15_Ev6e1dJCelc.txt,bravos,2026-06-15,Ev6e1dJCelc,valuation_bubble,0,0.0,,False
bravos_2026-06-15_Ev6e1dJCelc.txt,bravos,2026-06-15,Ev6e1dJCelc,liquidity_rates,6,3.5377358490566038,1:38,True
bravos_2026-06-15_Ev6e1dJCelc.txt,bravos,2026-06-15,Ev6e1dJCelc,china_deglobalization,0,0.0,,False
bravos_2026-06-15_Ev6e1dJCelc.txt,bravos,2026-06-15,Ev6e1dJCelc,rotation_manufacturing,0,0.0,,False
bravos_2026-06-15_Ev6e1dJCelc.txt,bravos,2026-06-15,Ev6e1dJCelc,crypto,0,0.0,,False
bravos_2026-06-15_Ev6e1dJCelc.txt,bravos,2026-06-15,Ev6e1dJCelc,digital_control,0,0.0,,False
bravos_2026-06-15_Ev6e1dJCelc.txt,bravos,2026-06-15,Ev6e1dJCelc,housing,1,0.5896226415094339,8:15,False
bravos_2026-06-18_ArL4djz-76c.txt,bravos,2026-06-18,ArL4djz-76c,oil_energy,0,0.0,,False
bravos_2026-06-18_ArL4djz-76c.txt,bravos,2026-06-18,ArL4djz-76c,inflation,7,5.177514792899409,2:05,True
bravos_2026-06-18_ArL4djz-76c.txt,bravos,2026-06-18,ArL4djz-76c,recession_labor,0,0.0,,False
bravos_2026-06-18_ArL4djz-76c.txt,bravos,2026-06-18,ArL4djz-76c,debt_credit,0,0.0,,False
bravos_2026-06-18_ArL4djz-76c.txt,bravos,2026-06-18,ArL4djz-76c,dollar_fx,17,12.57396449704142,1:05,True
bravos_2026-06-18_ArL4djz-76c.txt,bravos,2026-06-18,ArL4djz-76c,gold_silver,0,0.0,,False
bravos_2026-06-18_ArL4djz-76c.txt,bravos,2026-06-18,ArL4djz-76c,ai_tech,0,0.0,,False
bravos_2026-06-18_ArL4djz-76c.txt,bravos,2026-06-18,ArL4djz-76c,valuation_bubble,0,0.0,,False
bravos_2026-06-18_ArL4djz-76c.txt,bravos,2026-06-18,ArL4djz-76c,liquidity_rates,0,0.0,,False
bravos_2026-06-18_ArL4djz-76c.txt,bravos,2026-06-18,ArL4djz-76c,china_deglobalization,0,0.0,,False
bravos_2026-06-18_ArL4djz-76c.txt,bravos,2026-06-18,ArL4djz-76c,rotation_manufacturing,0,0.0,,False
bravos_2026-06-18_ArL4djz-76c.txt,bravos,2026-06-18,ArL4djz-76c,crypto,0,0.0,,False
bravos_2026-06-18_ArL4djz-76c.txt,bravos,2026-06-18,ArL4djz-76c,digital_control,0,0.0,,False
bravos_2026-06-18_ArL4djz-76c.txt,bravos,2026-06-18,ArL4djz-76c,housing,0,0.0,,False
bravos_2026-06-29_OZhbi8m1Mw8.txt,bravos,2026-06-29,OZhbi8m1Mw8,oil_energy,0,0.0,,False
bravos_2026-06-29_OZhbi8m1Mw8.txt,bravos,2026-06-29,OZhbi8m1Mw8,inflation,0,0.0,,False
bravos_2026-06-29_OZhbi8m1Mw8.txt,bravos,2026-06-29,OZhbi8m1Mw8,recession_labor,0,0.0,,False
bravos_2026-06-29_OZhbi8m1Mw8.txt,bravos,2026-06-29,OZhbi8m1Mw8,debt_credit,2,1.2515644555694618,0:00,False
bravos_2026-06-29_OZhbi8m1Mw8.txt,bravos,2026-06-29,OZhbi8m1Mw8,dollar_fx,0,0.0,,False
bravos_2026-06-29_OZhbi8m1Mw8.txt,bravos,2026-06-29,OZhbi8m1Mw8,gold_silver,0,0.0,,False
bravos_2026-06-29_OZhbi8m1Mw8.txt,bravos,2026-06-29,OZhbi8m1Mw8,ai_tech,22,13.76720901126408,0:00,True
bravos_2026-06-29_OZhbi8m1Mw8.txt,bravos,2026-06-29,OZhbi8m1Mw8,valuation_bubble,10,6.257822277847309,1:58,True
bravos_2026-06-29_OZhbi8m1Mw8.txt,bravos,2026-06-29,OZhbi8m1Mw8,liquidity_rates,0,0.0,,False
bravos_2026-06-29_OZhbi8m1Mw8.txt,bravos,2026-06-29,OZhbi8m1Mw8,china_deglobalization,0,0.0,,False
bravos_2026-06-29_OZhbi8m1Mw8.txt,bravos,2026-06-29,OZhbi8m1Mw8,rotation_manufacturing,2,1.2515644555694618,5:55,False
bravos_2026-06-29_OZhbi8m1Mw8.txt,bravos,2026-06-29,OZhbi8m1Mw8,crypto,0,0.0,,False
bravos_2026-06-29_OZhbi8m1Mw8.txt,bravos,2026-06-29,OZhbi8m1Mw8,digital_control,0,0.0,,False
bravos_2026-06-29_OZhbi8m1Mw8.txt,bravos,2026-06-29,OZhbi8m1Mw8,housing,0,0.0,,False
bravos_2026-07-07_J0qxWVhXd4o.txt,bravos,2026-07-07,J0qxWVhXd4o,oil_energy,16,9.003939223410242,0:00,True
bravos_2026-07-07_J0qxWVhXd4o.txt,bravos,2026-07-07,J0qxWVhXd4o,inflation,9,5.064715813168261,6:11,True
bravos_2026-07-07_J0qxWVhXd4o.txt,bravos,2026-07-07,J0qxWVhXd4o,recession_labor,2,1.1254924029262803,1:58,False
bravos_2026-07-07_J0qxWVhXd4o.txt,bravos,2026-07-07,J0qxWVhXd4o,debt_credit,1,0.5627462014631401,8:40,False
bravos_2026-07-07_J0qxWVhXd4o.txt,bravos,2026-07-07,J0qxWVhXd4o,dollar_fx,30,16.882386043894204,2:23,True
bravos_2026-07-07_J0qxWVhXd4o.txt,bravos,2026-07-07,J0qxWVhXd4o,gold_silver,16,9.003939223410242,1:36,True
bravos_2026-07-07_J0qxWVhXd4o.txt,bravos,2026-07-07,J0qxWVhXd4o,ai_tech,1,0.5627462014631401,1:00,False
bravos_2026-07-07_J0qxWVhXd4o.txt,bravos,2026-07-07,J0qxWVhXd4o,valuation_bubble,0,0.0,,False
bravos_2026-07-07_J0qxWVhXd4o.txt,bravos,2026-07-07,J0qxWVhXd4o,liquidity_rates,29,16.319639842431062,4:47,True
bravos_2026-07-07_J0qxWVhXd4o.txt,bravos,2026-07-07,J0qxWVhXd4o,china_deglobalization,0,0.0,,False
bravos_2026-07-07_J0qxWVhXd4o.txt,bravos,2026-07-07,J0qxWVhXd4o,rotation_manufacturing,6,3.376477208778841,3:22,True
bravos_2026-07-07_J0qxWVhXd4o.txt,bravos,2026-07-07,J0qxWVhXd4o,crypto,4,2.2509848058525606,1:36,True
bravos_2026-07-07_J0qxWVhXd4o.txt,bravos,2026-07-07,J0qxWVhXd4o,digital_control,0,0.0,,False
bravos_2026-07-07_J0qxWVhXd4o.txt,bravos,2026-07-07,J0qxWVhXd4o,housing,0,0.0,,False
bravos_2026-07-23_QNFLN6IvB88.txt,bravos,2026-07-23,QNFLN6IvB88,oil_energy,0,0.0,,False
bravos_2026-07-23_QNFLN6IvB88.txt,bravos,2026-07-23,QNFLN6IvB88,inflation,0,0.0,,False
bravos_2026-07-23_QNFLN6IvB88.txt,bravos,2026-07-23,QNFLN6IvB88,recession_labor,7,4.679144385026738,3:37,True
bravos_2026-07-23_QNFLN6IvB88.txt,bravos,2026-07-23,QNFLN6IvB88,debt_credit,8,5.347593582887701,4:34,True
bravos_2026-07-23_QNFLN6IvB88.txt,bravos,2026-07-23,QNFLN6IvB88,dollar_fx,0,0.0,,False
bravos_2026-07-23_QNFLN6IvB88.txt,bravos,2026-07-23,QNFLN6IvB88,gold_silver,0,0.0,,False
bravos_2026-07-23_QNFLN6IvB88.txt,bravos,2026-07-23,QNFLN6IvB88,ai_tech,10,6.684491978609626,0:38,True
bravos_2026-07-23_QNFLN6IvB88.txt,bravos,2026-07-23,QNFLN6IvB88,valuation_bubble,5,3.342245989304813,0:52,True
bravos_2026-07-23_QNFLN6IvB88.txt,bravos,2026-07-23,QNFLN6IvB88,liquidity_rates,0,0.0,,False
bravos_2026-07-23_QNFLN6IvB88.txt,bravos,2026-07-23,QNFLN6IvB88,china_deglobalization,0,0.0,,False
bravos_2026-07-23_QNFLN6IvB88.txt,bravos,2026-07-23,QNFLN6IvB88,rotation_manufacturing,1,0.6684491978609626,6:37,False
bravos_2026-07-23_QNFLN6IvB88.txt,bravos,2026-07-23,QNFLN6IvB88,crypto,0,0.0,,False
bravos_2026-07-23_QNFLN6IvB88.txt,bravos,2026-07-23,QNFLN6IvB88,digital_control,0,0.0,,False
bravos_2026-07-23_QNFLN6IvB88.txt,bravos,2026-07-23,QNFLN6IvB88,housing,1,0.6684491978609626,5:18,False
bravos_2026-08-04_VygtuX3arJA.txt,bravos,2026-08-04,VygtuX3arJA,oil_energy,0,0.0,,False
bravos_2026-08-04_VygtuX3arJA.txt,bravos,2026-08-04,VygtuX3arJA,inflation,3,1.9144862795149968,0:56,True
bravos_2026-08-04_VygtuX3arJA.txt,bravos,2026-08-04,VygtuX3arJA,recession_labor,0,0.0,,False
bravos_2026-08-04_VygtuX3arJA.txt,bravos,2026-08-04,VygtuX3arJA,debt_credit,1,0.6381620931716656,7:19,False
bravos_2026-08-04_VygtuX3arJA.txt,bravos,2026-08-04,VygtuX3arJA,dollar_fx,0,0.0,,False
bravos_2026-08-04_VygtuX3arJA.txt,bravos,2026-08-04,VygtuX3arJA,gold_silver,0,0.0,,False
bravos_2026-08-04_VygtuX3arJA.txt,bravos,2026-08-04,VygtuX3arJA,ai_tech,0,0.0,,False
bravos_2026-08-04_VygtuX3arJA.txt,bravos,2026-08-04,VygtuX3arJA,valuation_bubble,1,0.6381620931716656,0:12,False
bravos_2026-08-04_VygtuX3arJA.txt,bravos,2026-08-04,VygtuX3arJA,liquidity_rates,0,0.0,,False
bravos_2026-08-04_VygtuX3arJA.txt,bravos,2026-08-04,VygtuX3arJA,china_deglobalization,0,0.0,,False
bravos_2026-08-04_VygtuX3arJA.txt,bravos,2026-08-04,VygtuX3arJA,rotation_manufacturing,0,0.0,,False
bravos_2026-08-04_VygtuX3arJA.txt,bravos,2026-08-04,VygtuX3arJA,crypto,0,0.0,,False
bravos_2026-08-04_VygtuX3arJA.txt,bravos,2026-08-04,VygtuX3arJA,digital_control,0,0.0,,False
bravos_2026-08-04_VygtuX3arJA.txt,bravos,2026-08-04,VygtuX3arJA,housing,0,0.0,,False
bravos_2026-08-09_rv4PIOsQq_g.txt,bravos,2026-08-09,rv4PIOsQq_g,oil_energy,0,0.0,,False
bravos_2026-08-09_rv4PIOsQq_g.txt,bravos,2026-08-09,rv4PIOsQq_g,inflation,0,0.0,,False
bravos_2026-08-09_rv4PIOsQq_g.txt,bravos,2026-08-09,rv4PIOsQq_g,recession_labor,5,3.1766200762388817,3:39,True
bravos_2026-08-09_rv4PIOsQq_g.txt,bravos,2026-08-09,rv4PIOsQq_g,debt_credit,0,0.0,,False
bravos_2026-08-09_rv4PIOsQq_g.txt,bravos,2026-08-09,rv4PIOsQq_g,dollar_fx,0,0.0,,False
bravos_2026-08-09_rv4PIOsQq_g.txt,bravos,2026-08-09,rv4PIOsQq_g,gold_silver,0,0.0,,False
bravos_2026-08-09_rv4PIOsQq_g.txt,bravos,2026-08-09,rv4PIOsQq_g,ai_tech,0,0.0,,False
bravos_2026-08-09_rv4PIOsQq_g.txt,bravos,2026-08-09,rv4PIOsQq_g,valuation_bubble,1,0.6353240152477764,4:19,False
bravos_2026-08-09_rv4PIOsQq_g.txt,bravos,2026-08-09,rv4PIOsQq_g,liquidity_rates,5,3.1766200762388817,2:37,True
bravos_2026-08-09_rv4PIOsQq_g.txt,bravos,2026-08-09,rv4PIOsQq_g,china_deglobalization,0,0.0,,False
bravos_2026-08-09_rv4PIOsQq_g.txt,bravos,2026-08-09,rv4PIOsQq_g,rotation_manufacturing,0,0.0,,False
bravos_2026-08-09_rv4PIOsQq_g.txt,bravos,2026-08-09,rv4PIOsQq_g,crypto,0,0.0,,False
bravos_2026-08-09_rv4PIOsQq_g.txt,bravos,2026-08-09,rv4PIOsQq_g,digital_control,0,0.0,,False
bravos_2026-08-09_rv4PIOsQq_g.txt,bravos,2026-08-09,rv4PIOsQq_g,housing,0,0.0,,False
bravos_2026-08-11_ZZ7HyZu8FbE.txt,bravos,2026-08-11,ZZ7HyZu8FbE,oil_energy,0,0.0,,False
bravos_2026-08-11_ZZ7HyZu8FbE.txt,bravos,2026-08-11,ZZ7HyZu8FbE,inflation,0,0.0,,False
bravos_2026-08-11_ZZ7HyZu8FbE.txt,bravos,2026-08-11,ZZ7HyZu8FbE,recession_labor,0,0.0,,False
bravos_2026-08-11_ZZ7HyZu8FbE.txt,bravos,2026-08-11,ZZ7HyZu8FbE,debt_credit,4,2.271436683702442,2:09,True
bravos_2026-08-11_ZZ7HyZu8FbE.txt,bravos,2026-08-11,ZZ7HyZu8FbE,dollar_fx,16,9.085746734809767,0:49,True
bravos_2026-08-11_ZZ7HyZu8FbE.txt,bravos,2026-08-11,ZZ7HyZu8FbE,gold_silver,11,6.2464508801817145,0:02,True
bravos_2026-08-11_ZZ7HyZu8FbE.txt,bravos,2026-08-11,ZZ7HyZu8FbE,ai_tech,0,0.0,,False
bravos_2026-08-11_ZZ7HyZu8FbE.txt,bravos,2026-08-11,ZZ7HyZu8FbE,valuation_bubble,0,0.0,,False
bravos_2026-08-11_ZZ7HyZu8FbE.txt,bravos,2026-08-11,ZZ7HyZu8FbE,liquidity_rates,2,1.135718341851221,2:53,False
bravos_2026-08-11_ZZ7HyZu8FbE.txt,bravos,2026-08-11,ZZ7HyZu8FbE,china_deglobalization,7,3.9750141964792727,0:28,True
bravos_2026-08-11_ZZ7HyZu8FbE.txt,bravos,2026-08-11,ZZ7HyZu8FbE,rotation_manufacturing,5,2.8392958546280522,3:53,True
bravos_2026-08-11_ZZ7HyZu8FbE.txt,bravos,2026-08-11,ZZ7HyZu8FbE,crypto,0,0.0,,False
bravos_2026-08-11_ZZ7HyZu8FbE.txt,bravos,2026-08-11,ZZ7HyZu8FbE,digital_control,0,0.0,,False
bravos_2026-08-11_ZZ7HyZu8FbE.txt,bravos,2026-08-11,ZZ7HyZu8FbE,housing,2,1.135718341851221,3:24,False
bravos_2026-08-13_4AkB4c0tTfU.txt,bravos,2026-08-13,4AkB4c0tTfU,oil_energy,0,0.0,,False
bravos_2026-08-13_4AkB4c0tTfU.txt,bravos,2026-08-13,4AkB4c0tTfU,inflation,0,0.0,,False
bravos_2026-08-13_4AkB4c0tTfU.txt,bravos,2026-08-13,4AkB4c0tTfU,recession_labor,0,0.0,,False
bravos_2026-08-13_4AkB4c0tTfU.txt,bravos,2026-08-13,4AkB4c0tTfU,debt_credit,0,0.0,,False
bravos_2026-08-13_4AkB4c0tTfU.txt,bravos,2026-08-13,4AkB4c0tTfU,dollar_fx,0,0.0,,False
bravos_2026-08-13_4AkB4c0tTfU.txt,bravos,2026-08-13,4AkB4c0tTfU,gold_silver,0,0.0,,False
bravos_2026-08-13_4AkB4c0tTfU.txt,bravos,2026-08-13,4AkB4c0tTfU,ai_tech,1,0.5157297576070139,5:53,False
bravos_2026-08-13_4AkB4c0tTfU.txt,bravos,2026-08-13,4AkB4c0tTfU,valuation_bubble,2,1.0314595152140278,1:16,False
bravos_2026-08-13_4AkB4c0tTfU.txt,bravos,2026-08-13,4AkB4c0tTfU,liquidity_rates,0,0.0,,False
bravos_2026-08-13_4AkB4c0tTfU.txt,bravos,2026-08-13,4AkB4c0tTfU,china_deglobalization,0,0.0,,False
bravos_2026-08-13_4AkB4c0tTfU.txt,bravos,2026-08-13,4AkB4c0tTfU,rotation_manufacturing,0,0.0,,False
bravos_2026-08-13_4AkB4c0tTfU.txt,bravos,2026-08-13,4AkB4c0tTfU,crypto,0,0.0,,False
bravos_2026-08-13_4AkB4c0tTfU.txt,bravos,2026-08-13,4AkB4c0tTfU,digital_control,0,0.0,,False
bravos_2026-08-13_4AkB4c0tTfU.txt,bravos,2026-08-13,4AkB4c0tTfU,housing,0,0.0,,False
bravos_2026-08-18_nB1eXWQlW58.txt,bravos,2026-08-18,nB1eXWQlW58,oil_energy,1,0.4938271604938272,4:23,False
bravos_2026-08-18_nB1eXWQlW58.txt,bravos,2026-08-18,nB1eXWQlW58,inflation,1,0.4938271604938272,4:29,False
bravos_2026-08-18_nB1eXWQlW58.txt,bravos,2026-08-18,nB1eXWQlW58,recession_labor,0,0.0,,False
bravos_2026-08-18_nB1eXWQlW58.txt,bravos,2026-08-18,nB1eXWQlW58,debt_credit,4,1.9753086419753088,3:33,True
bravos_2026-08-18_nB1eXWQlW58.txt,bravos,2026-08-18,nB1eXWQlW58,dollar_fx,47,23.209876543209877,0:00,True
bravos_2026-08-18_nB1eXWQlW58.txt,bravos,2026-08-18,nB1eXWQlW58,gold_silver,0,0.0,,False
bravos_2026-08-18_nB1eXWQlW58.txt,bravos,2026-08-18,nB1eXWQlW58,ai_tech,0,0.0,,False
bravos_2026-08-18_nB1eXWQlW58.txt,bravos,2026-08-18,nB1eXWQlW58,valuation_bubble,0,0.0,,False
bravos_2026-08-18_nB1eXWQlW58.txt,bravos,2026-08-18,nB1eXWQlW58,liquidity_rates,6,2.962962962962963,2:11,True
bravos_2026-08-18_nB1eXWQlW58.txt,bravos,2026-08-18,nB1eXWQlW58,china_deglobalization,1,0.4938271604938272,5:12,False
bravos_2026-08-18_nB1eXWQlW58.txt,bravos,2026-08-18,nB1eXWQlW58,rotation_manufacturing,0,0.0,,False
bravos_2026-08-18_nB1eXWQlW58.txt,bravos,2026-08-18,nB1eXWQlW58,crypto,0,0.0,,False
bravos_2026-08-18_nB1eXWQlW58.txt,bravos,2026-08-18,nB1eXWQlW58,digital_control,0,0.0,,False
bravos_2026-08-18_nB1eXWQlW58.txt,bravos,2026-08-18,nB1eXWQlW58,housing,0,0.0,,False
bravos_2026-08-21_Jw8ykhoOVBQ.txt,bravos,2026-08-21,Jw8ykhoOVBQ,oil_energy,0,0.0,,False
bravos_2026-08-21_Jw8ykhoOVBQ.txt,bravos,2026-08-21,Jw8ykhoOVBQ,inflation,0,0.0,,False
bravos_2026-08-21_Jw8ykhoOVBQ.txt,bravos,2026-08-21,Jw8ykhoOVBQ,recession_labor,0,0.0,,False
bravos_2026-08-21_Jw8ykhoOVBQ.txt,bravos,2026-08-21,Jw8ykhoOVBQ,debt_credit,3,1.1307953260459858,9:47,True
bravos_2026-08-21_Jw8ykhoOVBQ.txt,bravos,2026-08-21,Jw8ykhoOVBQ,dollar_fx,1,0.3769317753486619,7:37,False
bravos_2026-08-21_Jw8ykhoOVBQ.txt,bravos,2026-08-21,Jw8ykhoOVBQ,gold_silver,0,0.0,,False
bravos_2026-08-21_Jw8ykhoOVBQ.txt,bravos,2026-08-21,Jw8ykhoOVBQ,ai_tech,40,15.077271013946476,0:15,True
bravos_2026-08-21_Jw8ykhoOVBQ.txt,bravos,2026-08-21,Jw8ykhoOVBQ,valuation_bubble,7,2.638522427440633,5:56,True
bravos_2026-08-21_Jw8ykhoOVBQ.txt,bravos,2026-08-21,Jw8ykhoOVBQ,liquidity_rates,16,6.03090840557859,9:04,True
bravos_2026-08-21_Jw8ykhoOVBQ.txt,bravos,2026-08-21,Jw8ykhoOVBQ,china_deglobalization,0,0.0,,False
bravos_2026-08-21_Jw8ykhoOVBQ.txt,bravos,2026-08-21,Jw8ykhoOVBQ,rotation_manufacturing,0,0.0,,False
bravos_2026-08-21_Jw8ykhoOVBQ.txt,bravos,2026-08-21,Jw8ykhoOVBQ,crypto,0,0.0,,False
bravos_2026-08-21_Jw8ykhoOVBQ.txt,bravos,2026-08-21,Jw8ykhoOVBQ,digital_control,0,0.0,,False
bravos_2026-08-21_Jw8ykhoOVBQ.txt,bravos,2026-08-21,Jw8ykhoOVBQ,housing,0,0.0,,False
bravos_2026-08-25_PWMhM2_dj3s.txt,bravos,2026-08-25,PWMhM2_dj3s,oil_energy,0,0.0,,False
bravos_2026-08-25_PWMhM2_dj3s.txt,bravos,2026-08-25,PWMhM2_dj3s,inflation,11,3.261191817373258,8:53,True
bravos_2026-08-25_PWMhM2_dj3s.txt,bravos,2026-08-25,PWMhM2_dj3s,recession_labor,2,0.5929439667951378,12:37,False
bravos_2026-08-25_PWMhM2_dj3s.txt,bravos,2026-08-25,PWMhM2_dj3s,debt_credit,40,11.858879335902758,0:11,True
bravos_2026-08-25_PWMhM2_dj3s.txt,bravos,2026-08-25,PWMhM2_dj3s,dollar_fx,23,6.818855618144085,6:48,True
bravos_2026-08-25_PWMhM2_dj3s.txt,bravos,2026-08-25,PWMhM2_dj3s,gold_silver,7,2.0753038837829827,6:48,True
bravos_2026-08-25_PWMhM2_dj3s.txt,bravos,2026-08-25,PWMhM2_dj3s,ai_tech,0,0.0,,False
bravos_2026-08-25_PWMhM2_dj3s.txt,bravos,2026-08-25,PWMhM2_dj3s,valuation_bubble,0,0.0,,False
bravos_2026-08-25_PWMhM2_dj3s.txt,bravos,2026-08-25,PWMhM2_dj3s,liquidity_rates,9,2.6682478505781204,3:21,True
bravos_2026-08-25_PWMhM2_dj3s.txt,bravos,2026-08-25,PWMhM2_dj3s,china_deglobalization,1,0.2964719833975689,15:30,False
bravos_2026-08-25_PWMhM2_dj3s.txt,bravos,2026-08-25,PWMhM2_dj3s,rotation_manufacturing,0,0.0,,False
bravos_2026-08-25_PWMhM2_dj3s.txt,bravos,2026-08-25,PWMhM2_dj3s,crypto,0,0.0,,False
bravos_2026-08-25_PWMhM2_dj3s.txt,bravos,2026-08-25,PWMhM2_dj3s,digital_control,0,0.0,,False
bravos_2026-08-25_PWMhM2_dj3s.txt,bravos,2026-08-25,PWMhM2_dj3s,housing,0,0.0,,False
bravos_2026-08-27_cbknsJEshD8.txt,bravos,2026-08-27,cbknsJEshD8,oil_energy,0,0.0,,False
bravos_2026-08-27_cbknsJEshD8.txt,bravos,2026-08-27,cbknsJEshD8,inflation,0,0.0,,False
bravos_2026-08-27_cbknsJEshD8.txt,bravos,2026-08-27,cbknsJEshD8,recession_labor,0,0.0,,False
bravos_2026-08-27_cbknsJEshD8.txt,bravos,2026-08-27,cbknsJEshD8,debt_credit,1,0.2998500749625187,14:50,False
bravos_2026-08-27_cbknsJEshD8.txt,bravos,2026-08-27,cbknsJEshD8,dollar_fx,29,8.695652173913043,2:33,True
bravos_2026-08-27_cbknsJEshD8.txt,bravos,2026-08-27,cbknsJEshD8,gold_silver,99,29.685157421289354,0:07,True
bravos_2026-08-27_cbknsJEshD8.txt,bravos,2026-08-27,cbknsJEshD8,ai_tech,0,0.0,,False
bravos_2026-08-27_cbknsJEshD8.txt,bravos,2026-08-27,cbknsJEshD8,valuation_bubble,0,0.0,,False
bravos_2026-08-27_cbknsJEshD8.txt,bravos,2026-08-27,cbknsJEshD8,liquidity_rates,0,0.0,,False
bravos_2026-08-27_cbknsJEshD8.txt,bravos,2026-08-27,cbknsJEshD8,china_deglobalization,37,11.094452773613193,0:07,True
bravos_2026-08-27_cbknsJEshD8.txt,bravos,2026-08-27,cbknsJEshD8,rotation_manufacturing,1,0.2998500749625187,0:07,False
bravos_2026-08-27_cbknsJEshD8.txt,bravos,2026-08-27,cbknsJEshD8,crypto,0,0.0,,False
bravos_2026-08-27_cbknsJEshD8.txt,bravos,2026-08-27,cbknsJEshD8,digital_control,0,0.0,,False
bravos_2026-08-27_cbknsJEshD8.txt,bravos,2026-08-27,cbknsJEshD8,housing,0,0.0,,False
bravos_2026-09-05__rwFYNlKtEc.txt,bravos,2026-09-05,_rwFYNlKtEc,oil_energy,0,0.0,,False
bravos_2026-09-05__rwFYNlKtEc.txt,bravos,2026-09-05,_rwFYNlKtEc,inflation,3,0.7849293563579278,5:40,False
bravos_2026-09-05__rwFYNlKtEc.txt,bravos,2026-09-05,_rwFYNlKtEc,recession_labor,2,0.5232862375719519,14:10,False
bravos_2026-09-05__rwFYNlKtEc.txt,bravos,2026-09-05,_rwFYNlKtEc,debt_credit,39,10.204081632653061,0:00,True
bravos_2026-09-05__rwFYNlKtEc.txt,bravos,2026-09-05,_rwFYNlKtEc,dollar_fx,3,0.7849293563579278,10:17,False
bravos_2026-09-05__rwFYNlKtEc.txt,bravos,2026-09-05,_rwFYNlKtEc,gold_silver,1,0.26164311878597596,1:19,False
bravos_2026-09-05__rwFYNlKtEc.txt,bravos,2026-09-05,_rwFYNlKtEc,ai_tech,0,0.0,,False
bravos_2026-09-05__rwFYNlKtEc.txt,bravos,2026-09-05,_rwFYNlKtEc,valuation_bubble,0,0.0,,False
bravos_2026-09-05__rwFYNlKtEc.txt,bravos,2026-09-05,_rwFYNlKtEc,liquidity_rates,35,9.157509157509159,0:30,True
bravos_2026-09-05__rwFYNlKtEc.txt,bravos,2026-09-05,_rwFYNlKtEc,china_deglobalization,0,0.0,,False
bravos_2026-09-05__rwFYNlKtEc.txt,bravos,2026-09-05,_rwFYNlKtEc,rotation_manufacturing,0,0.0,,False
bravos_2026-09-05__rwFYNlKtEc.txt,bravos,2026-09-05,_rwFYNlKtEc,crypto,0,0.0,,False
bravos_2026-09-05__rwFYNlKtEc.txt,bravos,2026-09-05,_rwFYNlKtEc,digital_control,0,0.0,,False
bravos_2026-09-05__rwFYNlKtEc.txt,bravos,2026-09-05,_rwFYNlKtEc,housing,0,0.0,,False
bravos_2026-09-09_1ZS5_txbOsc.txt,bravos,2026-09-09,1ZS5_txbOsc,oil_energy,84,23.59550561797753,0:36,True
bravos_2026-09-09_1ZS5_txbOsc.txt,bravos,2026-09-09,1ZS5_txbOsc,inflation,0,0.0,,False
bravos_2026-09-09_1ZS5_txbOsc.txt,bravos,2026-09-09,1ZS5_txbOsc,recession_labor,4,1.1235955056179776,0:19,True
bravos_2026-09-09_1ZS5_txbOsc.txt,bravos,2026-09-09,1ZS5_txbOsc,debt_credit,8,2.247191011235955,2:34,True
bravos_2026-09-09_1ZS5_txbOsc.txt,bravos,2026-09-09,1ZS5_txbOsc,dollar_fx,6,1.6853932584269664,9:52,True
bravos_2026-09-09_1ZS5_txbOsc.txt,bravos,2026-09-09,1ZS5_txbOsc,gold_silver,0,0.0,,False
bravos_2026-09-09_1ZS5_txbOsc.txt,bravos,2026-09-09,1ZS5_txbOsc,ai_tech,0,0.0,,False
bravos_2026-09-09_1ZS5_txbOsc.txt,bravos,2026-09-09,1ZS5_txbOsc,valuation_bubble,0,0.0,,False
bravos_2026-09-09_1ZS5_txbOsc.txt,bravos,2026-09-09,1ZS5_txbOsc,liquidity_rates,1,0.2808988764044944,16:53,False
bravos_2026-09-09_1ZS5_txbOsc.txt,bravos,2026-09-09,1ZS5_txbOsc,china_deglobalization,47,13.202247191011237,0:10,True
bravos_2026-09-09_1ZS5_txbOsc.txt,bravos,2026-09-09,1ZS5_txbOsc,rotation_manufacturing,3,0.8426966292134832,9:04,False
bravos_2026-09-09_1ZS5_txbOsc.txt,bravos,2026-09-09,1ZS5_txbOsc,crypto,0,0.0,,False
bravos_2026-09-09_1ZS5_txbOsc.txt,bravos,2026-09-09,1ZS5_txbOsc,digital_control,0,0.0,,False
bravos_2026-09-09_1ZS5_txbOsc.txt,bravos,2026-09-09,1ZS5_txbOsc,housing,0,0.0,,False
bravos_2026-09-12_RUH3BPQ5fTo.txt,bravos,2026-09-12,RUH3BPQ5fTo,oil_energy,0,0.0,,False
bravos_2026-09-12_RUH3BPQ5fTo.txt,bravos,2026-09-12,RUH3BPQ5fTo,inflation,1,0.28200789622109423,17:19,False
bravos_2026-09-12_RUH3BPQ5fTo.txt,bravos,2026-09-12,RUH3BPQ5fTo,recession_labor,1,0.28200789622109423,7:35,False
bravos_2026-09-12_RUH3BPQ5fTo.txt,bravos,2026-09-12,RUH3BPQ5fTo,debt_credit,68,19.176536943034407,0:05,True
bravos_2026-09-12_RUH3BPQ5fTo.txt,bravos,2026-09-12,RUH3BPQ5fTo,dollar_fx,2,0.5640157924421885,10:25,False
bravos_2026-09-12_RUH3BPQ5fTo.txt,bravos,2026-09-12,RUH3BPQ5fTo,gold_silver,0,0.0,,False
bravos_2026-09-12_RUH3BPQ5fTo.txt,bravos,2026-09-12,RUH3BPQ5fTo,ai_tech,56,15.792442188381276,0:05,True
bravos_2026-09-12_RUH3BPQ5fTo.txt,bravos,2026-09-12,RUH3BPQ5fTo,valuation_bubble,16,4.512126339537508,0:59,True
bravos_2026-09-12_RUH3BPQ5fTo.txt,bravos,2026-09-12,RUH3BPQ5fTo,liquidity_rates,24,6.768189509306261,4:14,True
bravos_2026-09-12_RUH3BPQ5fTo.txt,bravos,2026-09-12,RUH3BPQ5fTo,china_deglobalization,0,0.0,,False
bravos_2026-09-12_RUH3BPQ5fTo.txt,bravos,2026-09-12,RUH3BPQ5fTo,rotation_manufacturing,0,0.0,,False
bravos_2026-09-12_RUH3BPQ5fTo.txt,bravos,2026-09-12,RUH3BPQ5fTo,crypto,0,0.0,,False
bravos_2026-09-12_RUH3BPQ5fTo.txt,bravos,2026-09-12,RUH3BPQ5fTo,digital_control,0,0.0,,False
bravos_2026-09-12_RUH3BPQ5fTo.txt,bravos,2026-09-12,RUH3BPQ5fTo,housing,4,1.128031584884377,1:11,True
bravos_2026-09-16_jx3Ll-GJtMY.txt,bravos,2026-09-16,jx3Ll-GJtMY,oil_energy,0,0.0,,False
bravos_2026-09-16_jx3Ll-GJtMY.txt,bravos,2026-09-16,jx3Ll-GJtMY,inflation,0,0.0,,False
bravos_2026-09-16_jx3Ll-GJtMY.txt,bravos,2026-09-16,jx3Ll-GJtMY,recession_labor,1,0.26824034334763946,14:19,False
bravos_2026-09-16_jx3Ll-GJtMY.txt,bravos,2026-09-16,jx3Ll-GJtMY,debt_credit,1,0.26824034334763946,10:23,False
bravos_2026-09-16_jx3Ll-GJtMY.txt,bravos,2026-09-16,jx3Ll-GJtMY,dollar_fx,1,0.26824034334763946,7:14,False
bravos_2026-09-16_jx3Ll-GJtMY.txt,bravos,2026-09-16,jx3Ll-GJtMY,gold_silver,0,0.0,,False
bravos_2026-09-16_jx3Ll-GJtMY.txt,bravos,2026-09-16,jx3Ll-GJtMY,ai_tech,32,8.583690987124463,0:00,True
bravos_2026-09-16_jx3Ll-GJtMY.txt,bravos,2026-09-16,jx3Ll-GJtMY,valuation_bubble,2,0.5364806866952789,0:16,False
bravos_2026-09-16_jx3Ll-GJtMY.txt,bravos,2026-09-16,jx3Ll-GJtMY,liquidity_rates,14,3.755364806866953,6:31,True
bravos_2026-09-16_jx3Ll-GJtMY.txt,bravos,2026-09-16,jx3Ll-GJtMY,china_deglobalization,0,0.0,,False
bravos_2026-09-16_jx3Ll-GJtMY.txt,bravos,2026-09-16,jx3Ll-GJtMY,rotation_manufacturing,12,3.218884120171674,0:57,True
bravos_2026-09-16_jx3Ll-GJtMY.txt,bravos,2026-09-16,jx3Ll-GJtMY,crypto,0,0.0,,False
bravos_2026-09-16_jx3Ll-GJtMY.txt,bravos,2026-09-16,jx3Ll-GJtMY,digital_control,0,0.0,,False
bravos_2026-09-16_jx3Ll-GJtMY.txt,bravos,2026-09-16,jx3Ll-GJtMY,housing,0,0.0,,False
jikh_2026-03-16_jQUUAEemvSE.txt,jikh,2026-03-16,jQUUAEemvSE,oil_energy,40,9.214466712739,3:04,True
jikh_2026-03-16_jQUUAEemvSE.txt,jikh,2026-03-16,jQUUAEemvSE,inflation,9,2.073255010366275,12:58,True
jikh_2026-03-16_jQUUAEemvSE.txt,jikh,2026-03-16,jQUUAEemvSE,recession_labor,22,5.06795669200645,3:17,True
jikh_2026-03-16_jQUUAEemvSE.txt,jikh,2026-03-16,jQUUAEemvSE,debt_credit,30,6.910850034554251,0:13,True
jikh_2026-03-16_jQUUAEemvSE.txt,jikh,2026-03-16,jQUUAEemvSE,dollar_fx,7,1.612531674729325,15:58,True
jikh_2026-03-16_jQUUAEemvSE.txt,jikh,2026-03-16,jQUUAEemvSE,gold_silver,32,7.3715733701912,19:13,True
jikh_2026-03-16_jQUUAEemvSE.txt,jikh,2026-03-16,jQUUAEemvSE,ai_tech,5,1.151808339092375,6:20,True
jikh_2026-03-16_jQUUAEemvSE.txt,jikh,2026-03-16,jQUUAEemvSE,valuation_bubble,0,0.0,,False
jikh_2026-03-16_jQUUAEemvSE.txt,jikh,2026-03-16,jQUUAEemvSE,liquidity_rates,11,2.533978346003225,0:56,True
jikh_2026-03-16_jQUUAEemvSE.txt,jikh,2026-03-16,jQUUAEemvSE,china_deglobalization,0,0.0,,False
jikh_2026-03-16_jQUUAEemvSE.txt,jikh,2026-03-16,jQUUAEemvSE,rotation_manufacturing,1,0.230361667818475,11:58,False
jikh_2026-03-16_jQUUAEemvSE.txt,jikh,2026-03-16,jQUUAEemvSE,crypto,1,0.230361667818475,25:54,False
jikh_2026-03-16_jQUUAEemvSE.txt,jikh,2026-03-16,jQUUAEemvSE,digital_control,0,0.0,,False
jikh_2026-03-16_jQUUAEemvSE.txt,jikh,2026-03-16,jQUUAEemvSE,housing,7,1.612531674729325,0:16,True
jikh_2026-03-31_Dt45p4wuNow.txt,jikh,2026-03-31,Dt45p4wuNow,oil_energy,30,6.41573994867408,3:29,True
jikh_2026-03-31_Dt45p4wuNow.txt,jikh,2026-03-31,Dt45p4wuNow,inflation,7,1.4970059880239521,16:03,True
jikh_2026-03-31_Dt45p4wuNow.txt,jikh,2026-03-31,Dt45p4wuNow,recession_labor,4,0.8554319931565441,19:43,False
jikh_2026-03-31_Dt45p4wuNow.txt,jikh,2026-03-31,Dt45p4wuNow,debt_credit,18,3.849443969204448,1:18,True
jikh_2026-03-31_Dt45p4wuNow.txt,jikh,2026-03-31,Dt45p4wuNow,dollar_fx,20,4.277159965782721,0:00,True
jikh_2026-03-31_Dt45p4wuNow.txt,jikh,2026-03-31,Dt45p4wuNow,gold_silver,32,6.8434559452523525,7:28,True
jikh_2026-03-31_Dt45p4wuNow.txt,jikh,2026-03-31,Dt45p4wuNow,ai_tech,6,1.2831479897348161,1:46,True
jikh_2026-03-31_Dt45p4wuNow.txt,jikh,2026-03-31,Dt45p4wuNow,valuation_bubble,1,0.21385799828913601,16:41,False
jikh_2026-03-31_Dt45p4wuNow.txt,jikh,2026-03-31,Dt45p4wuNow,liquidity_rates,12,2.5662959794696323,1:09,True
jikh_2026-03-31_Dt45p4wuNow.txt,jikh,2026-03-31,Dt45p4wuNow,china_deglobalization,12,2.5662959794696323,3:49,True
jikh_2026-03-31_Dt45p4wuNow.txt,jikh,2026-03-31,Dt45p4wuNow,rotation_manufacturing,8,1.7108639863130881,3:56,True
jikh_2026-03-31_Dt45p4wuNow.txt,jikh,2026-03-31,Dt45p4wuNow,crypto,2,0.42771599657827203,23:44,False
jikh_2026-03-31_Dt45p4wuNow.txt,jikh,2026-03-31,Dt45p4wuNow,digital_control,0,0.0,,False
jikh_2026-03-31_Dt45p4wuNow.txt,jikh,2026-03-31,Dt45p4wuNow,housing,1,0.21385799828913601,25:59,False
jikh_2026-04-07_38qyqO44qrk.txt,jikh,2026-04-07,38qyqO44qrk,oil_energy,10,2.33590282644242,0:35,True
jikh_2026-04-07_38qyqO44qrk.txt,jikh,2026-04-07,38qyqO44qrk,inflation,13,3.0366736743751463,9:32,True
jikh_2026-04-07_38qyqO44qrk.txt,jikh,2026-04-07,38qyqO44qrk,recession_labor,2,0.46718056528848395,8:49,False
jikh_2026-04-07_38qyqO44qrk.txt,jikh,2026-04-07,38qyqO44qrk,debt_credit,17,3.971034804952114,6:52,True
jikh_2026-04-07_38qyqO44qrk.txt,jikh,2026-04-07,38qyqO44qrk,dollar_fx,10,2.33590282644242,2:53,True
jikh_2026-04-07_38qyqO44qrk.txt,jikh,2026-04-07,38qyqO44qrk,gold_silver,5,1.16795141322121,24:07,True
jikh_2026-04-07_38qyqO44qrk.txt,jikh,2026-04-07,38qyqO44qrk,ai_tech,5,1.16795141322121,15:53,True
jikh_2026-04-07_38qyqO44qrk.txt,jikh,2026-04-07,38qyqO44qrk,valuation_bubble,0,0.0,,False
jikh_2026-04-07_38qyqO44qrk.txt,jikh,2026-04-07,38qyqO44qrk,liquidity_rates,4,0.9343611305769679,2:20,False
jikh_2026-04-07_38qyqO44qrk.txt,jikh,2026-04-07,38qyqO44qrk,china_deglobalization,2,0.46718056528848395,5:35,False
jikh_2026-04-07_38qyqO44qrk.txt,jikh,2026-04-07,38qyqO44qrk,rotation_manufacturing,0,0.0,,False
jikh_2026-04-07_38qyqO44qrk.txt,jikh,2026-04-07,38qyqO44qrk,crypto,3,0.7007708479327259,0:35,False
jikh_2026-04-07_38qyqO44qrk.txt,jikh,2026-04-07,38qyqO44qrk,digital_control,4,0.9343611305769679,21:21,False
jikh_2026-04-07_38qyqO44qrk.txt,jikh,2026-04-07,38qyqO44qrk,housing,3,0.7007708479327259,5:30,False
jikh_2026-04-20_f353QO5Dgus.txt,jikh,2026-04-20,f353QO5Dgus,oil_energy,74,17.606471567927674,0:00,True
jikh_2026-04-20_f353QO5Dgus.txt,jikh,2026-04-20,f353QO5Dgus,inflation,5,1.1896264572924102,15:16,True
jikh_2026-04-20_f353QO5Dgus.txt,jikh,2026-04-20,f353QO5Dgus,recession_labor,4,0.9517011658339282,1:15,False
jikh_2026-04-20_f353QO5Dgus.txt,jikh,2026-04-20,f353QO5Dgus,debt_credit,6,1.4275517487508922,19:44,True
jikh_2026-04-20_f353QO5Dgus.txt,jikh,2026-04-20,f353QO5Dgus,dollar_fx,1,0.23792529145848204,4:15,False
jikh_2026-04-20_f353QO5Dgus.txt,jikh,2026-04-20,f353QO5Dgus,gold_silver,0,0.0,,False
jikh_2026-04-20_f353QO5Dgus.txt,jikh,2026-04-20,f353QO5Dgus,ai_tech,0,0.0,,False
jikh_2026-04-20_f353QO5Dgus.txt,jikh,2026-04-20,f353QO5Dgus,valuation_bubble,0,0.0,,False
jikh_2026-04-20_f353QO5Dgus.txt,jikh,2026-04-20,f353QO5Dgus,liquidity_rates,3,0.7137758743754461,19:31,False
jikh_2026-04-20_f353QO5Dgus.txt,jikh,2026-04-20,f353QO5Dgus,china_deglobalization,12,2.8551034975017844,19:31,True
jikh_2026-04-20_f353QO5Dgus.txt,jikh,2026-04-20,f353QO5Dgus,rotation_manufacturing,2,0.4758505829169641,2:39,False
jikh_2026-04-20_f353QO5Dgus.txt,jikh,2026-04-20,f353QO5Dgus,crypto,0,0.0,,False
jikh_2026-04-20_f353QO5Dgus.txt,jikh,2026-04-20,f353QO5Dgus,digital_control,0,0.0,,False
jikh_2026-04-20_f353QO5Dgus.txt,jikh,2026-04-20,f353QO5Dgus,housing,1,0.23792529145848204,20:59,False
jikh_2026-05-04_HcjbJvpKZIU.txt,jikh,2026-05-04,HcjbJvpKZIU,oil_energy,38,8.663930688554492,0:00,True
jikh_2026-05-04_HcjbJvpKZIU.txt,jikh,2026-05-04,HcjbJvpKZIU,inflation,6,1.3679890560875512,21:25,True
jikh_2026-05-04_HcjbJvpKZIU.txt,jikh,2026-05-04,HcjbJvpKZIU,recession_labor,2,0.45599635202918376,22:08,False
jikh_2026-05-04_HcjbJvpKZIU.txt,jikh,2026-05-04,HcjbJvpKZIU,debt_credit,4,0.9119927040583675,18:05,False
jikh_2026-05-04_HcjbJvpKZIU.txt,jikh,2026-05-04,HcjbJvpKZIU,dollar_fx,40,9.119927040583676,1:02,True
jikh_2026-05-04_HcjbJvpKZIU.txt,jikh,2026-05-04,HcjbJvpKZIU,gold_silver,11,2.5079799361605106,3:24,True
jikh_2026-05-04_HcjbJvpKZIU.txt,jikh,2026-05-04,HcjbJvpKZIU,ai_tech,1,0.22799817601459188,25:03,False
jikh_2026-05-04_HcjbJvpKZIU.txt,jikh,2026-05-04,HcjbJvpKZIU,valuation_bubble,3,0.6839945280437756,23:31,False
jikh_2026-05-04_HcjbJvpKZIU.txt,jikh,2026-05-04,HcjbJvpKZIU,liquidity_rates,3,0.6839945280437756,1:50,False
jikh_2026-05-04_HcjbJvpKZIU.txt,jikh,2026-05-04,HcjbJvpKZIU,china_deglobalization,20,4.559963520291838,11:27,True
jikh_2026-05-04_HcjbJvpKZIU.txt,jikh,2026-05-04,HcjbJvpKZIU,rotation_manufacturing,4,0.9119927040583675,19:15,False
jikh_2026-05-04_HcjbJvpKZIU.txt,jikh,2026-05-04,HcjbJvpKZIU,crypto,1,0.22799817601459188,3:24,False
jikh_2026-05-04_HcjbJvpKZIU.txt,jikh,2026-05-04,HcjbJvpKZIU,digital_control,0,0.0,,False
jikh_2026-05-04_HcjbJvpKZIU.txt,jikh,2026-05-04,HcjbJvpKZIU,housing,0,0.0,,False
jikh_2026-05-15_yNHYpCLBffw.txt,jikh,2026-05-15,yNHYpCLBffw,oil_energy,0,0.0,,False
jikh_2026-05-15_yNHYpCLBffw.txt,jikh,2026-05-15,yNHYpCLBffw,inflation,0,0.0,,False
jikh_2026-05-15_yNHYpCLBffw.txt,jikh,2026-05-15,yNHYpCLBffw,recession_labor,0,0.0,,False
jikh_2026-05-15_yNHYpCLBffw.txt,jikh,2026-05-15,yNHYpCLBffw,debt_credit,17,3.377036154151768,10:17,True
jikh_2026-05-15_yNHYpCLBffw.txt,jikh,2026-05-15,yNHYpCLBffw,dollar_fx,11,2.1851410409217324,6:31,True
jikh_2026-05-15_yNHYpCLBffw.txt,jikh,2026-05-15,yNHYpCLBffw,gold_silver,1,0.1986491855383393,1:55,False
jikh_2026-05-15_yNHYpCLBffw.txt,jikh,2026-05-15,yNHYpCLBffw,ai_tech,12,2.3837902264600714,0:36,True
jikh_2026-05-15_yNHYpCLBffw.txt,jikh,2026-05-15,yNHYpCLBffw,valuation_bubble,0,0.0,,False
jikh_2026-05-15_yNHYpCLBffw.txt,jikh,2026-05-15,yNHYpCLBffw,liquidity_rates,0,0.0,,False
jikh_2026-05-15_yNHYpCLBffw.txt,jikh,2026-05-15,yNHYpCLBffw,china_deglobalization,1,0.1986491855383393,13:30,False
jikh_2026-05-15_yNHYpCLBffw.txt,jikh,2026-05-15,yNHYpCLBffw,rotation_manufacturing,2,0.3972983710766786,0:54,False
jikh_2026-05-15_yNHYpCLBffw.txt,jikh,2026-05-15,yNHYpCLBffw,crypto,1,0.1986491855383393,11:46,False
jikh_2026-05-15_yNHYpCLBffw.txt,jikh,2026-05-15,yNHYpCLBffw,digital_control,28,5.562177195073501,1:29,True
jikh_2026-05-15_yNHYpCLBffw.txt,jikh,2026-05-15,yNHYpCLBffw,housing,1,0.1986491855383393,4:34,False
jikh_2026-05-20_3DYnQMmQk8k.txt,jikh,2026-05-20,3DYnQMmQk8k,oil_energy,15,3.6991368680641186,6:42,True
jikh_2026-05-20_3DYnQMmQk8k.txt,jikh,2026-05-20,3DYnQMmQk8k,inflation,9,2.2194821208384714,4:14,True
jikh_2026-05-20_3DYnQMmQk8k.txt,jikh,2026-05-20,3DYnQMmQk8k,recession_labor,0,0.0,,False
jikh_2026-05-20_3DYnQMmQk8k.txt,jikh,2026-05-20,3DYnQMmQk8k,debt_credit,8,1.972872996300863,1:34,True
jikh_2026-05-20_3DYnQMmQk8k.txt,jikh,2026-05-20,3DYnQMmQk8k,dollar_fx,32,7.891491985203452,1:34,True
jikh_2026-05-20_3DYnQMmQk8k.txt,jikh,2026-05-20,3DYnQMmQk8k,gold_silver,31,7.644882860665844,4:07,True
jikh_2026-05-20_3DYnQMmQk8k.txt,jikh,2026-05-20,3DYnQMmQk8k,ai_tech,5,1.2330456226880395,9:22,True
jikh_2026-05-20_3DYnQMmQk8k.txt,jikh,2026-05-20,3DYnQMmQk8k,valuation_bubble,1,0.2466091245376079,3:00,False
jikh_2026-05-20_3DYnQMmQk8k.txt,jikh,2026-05-20,3DYnQMmQk8k,liquidity_rates,0,0.0,,False
jikh_2026-05-20_3DYnQMmQk8k.txt,jikh,2026-05-20,3DYnQMmQk8k,china_deglobalization,59,14.549938347718866,0:00,True
jikh_2026-05-20_3DYnQMmQk8k.txt,jikh,2026-05-20,3DYnQMmQk8k,rotation_manufacturing,8,1.972872996300863,2:22,True
jikh_2026-05-20_3DYnQMmQk8k.txt,jikh,2026-05-20,3DYnQMmQk8k,crypto,2,0.4932182490752158,20:40,False
jikh_2026-05-20_3DYnQMmQk8k.txt,jikh,2026-05-20,3DYnQMmQk8k,digital_control,5,1.2330456226880395,22:21,True
jikh_2026-05-20_3DYnQMmQk8k.txt,jikh,2026-05-20,3DYnQMmQk8k,housing,3,0.7398273736128237,2:36,False
jikh_2026-05-26_w8yTmTdF1Kw.txt,jikh,2026-05-26,w8yTmTdF1Kw,oil_energy,15,2.7824151363383414,2:43,True
jikh_2026-05-26_w8yTmTdF1Kw.txt,jikh,2026-05-26,w8yTmTdF1Kw,inflation,25,4.637358560563903,1:21,True
jikh_2026-05-26_w8yTmTdF1Kw.txt,jikh,2026-05-26,w8yTmTdF1Kw,recession_labor,0,0.0,,False
jikh_2026-05-26_w8yTmTdF1Kw.txt,jikh,2026-05-26,w8yTmTdF1Kw,debt_credit,39,7.234279354479688,0:00,True
jikh_2026-05-26_w8yTmTdF1Kw.txt,jikh,2026-05-26,w8yTmTdF1Kw,dollar_fx,21,3.895381190873678,4:11,True
jikh_2026-05-26_w8yTmTdF1Kw.txt,jikh,2026-05-26,w8yTmTdF1Kw,gold_silver,11,2.0404377666481173,4:22,True
jikh_2026-05-26_w8yTmTdF1Kw.txt,jikh,2026-05-26,w8yTmTdF1Kw,ai_tech,0,0.0,,False
jikh_2026-05-26_w8yTmTdF1Kw.txt,jikh,2026-05-26,w8yTmTdF1Kw,valuation_bubble,4,0.7419773696902244,24:10,False
jikh_2026-05-26_w8yTmTdF1Kw.txt,jikh,2026-05-26,w8yTmTdF1Kw,liquidity_rates,27,5.0083472454090145,0:39,True
jikh_2026-05-26_w8yTmTdF1Kw.txt,jikh,2026-05-26,w8yTmTdF1Kw,china_deglobalization,6,1.1129660545353368,13:06,True
jikh_2026-05-26_w8yTmTdF1Kw.txt,jikh,2026-05-26,w8yTmTdF1Kw,rotation_manufacturing,4,0.7419773696902244,10:07,False
jikh_2026-05-26_w8yTmTdF1Kw.txt,jikh,2026-05-26,w8yTmTdF1Kw,crypto,7,1.2984603969578927,4:22,True
jikh_2026-05-26_w8yTmTdF1Kw.txt,jikh,2026-05-26,w8yTmTdF1Kw,digital_control,0,0.0,,False
jikh_2026-05-26_w8yTmTdF1Kw.txt,jikh,2026-05-26,w8yTmTdF1Kw,housing,4,0.7419773696902244,3:25,False
jikh_2026-06-05_yhRjvX_t4hc.txt,jikh,2026-06-05,yhRjvX_t4hc,oil_energy,7,1.2453300124533002,26:15,True
jikh_2026-06-05_yhRjvX_t4hc.txt,jikh,2026-06-05,yhRjvX_t4hc,inflation,3,0.5337128624799857,19:36,False
jikh_2026-06-05_yhRjvX_t4hc.txt,jikh,2026-06-05,yhRjvX_t4hc,recession_labor,1,0.1779042874933286,24:38,False
jikh_2026-06-05_yhRjvX_t4hc.txt,jikh,2026-06-05,yhRjvX_t4hc,debt_credit,4,0.7116171499733144,12:17,False
jikh_2026-06-05_yhRjvX_t4hc.txt,jikh,2026-06-05,yhRjvX_t4hc,dollar_fx,4,0.7116171499733144,26:45,False
jikh_2026-06-05_yhRjvX_t4hc.txt,jikh,2026-06-05,yhRjvX_t4hc,gold_silver,1,0.1779042874933286,4:06,False
jikh_2026-06-05_yhRjvX_t4hc.txt,jikh,2026-06-05,yhRjvX_t4hc,ai_tech,46,8.183597224693116,0:28,True
jikh_2026-06-05_yhRjvX_t4hc.txt,jikh,2026-06-05,yhRjvX_t4hc,valuation_bubble,21,3.7359900373599007,3:06,True
jikh_2026-06-05_yhRjvX_t4hc.txt,jikh,2026-06-05,yhRjvX_t4hc,liquidity_rates,9,1.6011385874399573,2:49,True
jikh_2026-06-05_yhRjvX_t4hc.txt,jikh,2026-06-05,yhRjvX_t4hc,china_deglobalization,0,0.0,,False
jikh_2026-06-05_yhRjvX_t4hc.txt,jikh,2026-06-05,yhRjvX_t4hc,rotation_manufacturing,2,0.3558085749866572,3:54,False
jikh_2026-06-05_yhRjvX_t4hc.txt,jikh,2026-06-05,yhRjvX_t4hc,crypto,0,0.0,,False
jikh_2026-06-05_yhRjvX_t4hc.txt,jikh,2026-06-05,yhRjvX_t4hc,digital_control,0,0.0,,False
jikh_2026-06-05_yhRjvX_t4hc.txt,jikh,2026-06-05,yhRjvX_t4hc,housing,0,0.0,,False
jikh_2026-06-12_dg9Ezg_RS6E.txt,jikh,2026-06-12,dg9Ezg_RS6E,oil_energy,3,0.5748227629814141,4:59,False
jikh_2026-06-12_dg9Ezg_RS6E.txt,jikh,2026-06-12,dg9Ezg_RS6E,inflation,7,1.3412531136232995,2:39,True
jikh_2026-06-12_dg9Ezg_RS6E.txt,jikh,2026-06-12,dg9Ezg_RS6E,recession_labor,1,0.19160758766047137,6:11,False
jikh_2026-06-12_dg9Ezg_RS6E.txt,jikh,2026-06-12,dg9Ezg_RS6E,debt_credit,13,2.4908986395861277,0:30,True
jikh_2026-06-12_dg9Ezg_RS6E.txt,jikh,2026-06-12,dg9Ezg_RS6E,dollar_fx,24,4.598582103851313,0:22,True
jikh_2026-06-12_dg9Ezg_RS6E.txt,jikh,2026-06-12,dg9Ezg_RS6E,gold_silver,84,16.095037363479594,1:16,True
jikh_2026-06-12_dg9Ezg_RS6E.txt,jikh,2026-06-12,dg9Ezg_RS6E,ai_tech,11,2.1076834642651847,2:03,True
jikh_2026-06-12_dg9Ezg_RS6E.txt,jikh,2026-06-12,dg9Ezg_RS6E,valuation_bubble,4,0.7664303506418855,8:10,False
jikh_2026-06-12_dg9Ezg_RS6E.txt,jikh,2026-06-12,dg9Ezg_RS6E,liquidity_rates,3,0.5748227629814141,4:49,False
jikh_2026-06-12_dg9Ezg_RS6E.txt,jikh,2026-06-12,dg9Ezg_RS6E,china_deglobalization,30,5.74822762981414,14:20,True
jikh_2026-06-12_dg9Ezg_RS6E.txt,jikh,2026-06-12,dg9Ezg_RS6E,rotation_manufacturing,4,0.7664303506418855,4:59,False
jikh_2026-06-12_dg9Ezg_RS6E.txt,jikh,2026-06-12,dg9Ezg_RS6E,crypto,1,0.19160758766047137,30:22,False
jikh_2026-06-12_dg9Ezg_RS6E.txt,jikh,2026-06-12,dg9Ezg_RS6E,digital_control,0,0.0,,False
jikh_2026-06-12_dg9Ezg_RS6E.txt,jikh,2026-06-12,dg9Ezg_RS6E,housing,1,0.19160758766047137,30:22,False
jikh_2026-06-15_HIBozcOlQPY.txt,jikh,2026-06-15,HIBozcOlQPY,oil_energy,10,2.4691358024691357,10:15,True
jikh_2026-06-15_HIBozcOlQPY.txt,jikh,2026-06-15,HIBozcOlQPY,inflation,15,3.7037037037037037,7:01,True
jikh_2026-06-15_HIBozcOlQPY.txt,jikh,2026-06-15,HIBozcOlQPY,recession_labor,2,0.4938271604938272,13:43,False
jikh_2026-06-15_HIBozcOlQPY.txt,jikh,2026-06-15,HIBozcOlQPY,debt_credit,5,1.2345679012345678,2:11,True
jikh_2026-06-15_HIBozcOlQPY.txt,jikh,2026-06-15,HIBozcOlQPY,dollar_fx,6,1.4814814814814814,18:52,True
jikh_2026-06-15_HIBozcOlQPY.txt,jikh,2026-06-15,HIBozcOlQPY,gold_silver,15,3.7037037037037037,1:26,True
jikh_2026-06-15_HIBozcOlQPY.txt,jikh,2026-06-15,HIBozcOlQPY,ai_tech,11,2.7160493827160495,7:43,True
jikh_2026-06-15_HIBozcOlQPY.txt,jikh,2026-06-15,HIBozcOlQPY,valuation_bubble,2,0.4938271604938272,18:14,False
jikh_2026-06-15_HIBozcOlQPY.txt,jikh,2026-06-15,HIBozcOlQPY,liquidity_rates,24,5.925925925925926,0:16,True
jikh_2026-06-15_HIBozcOlQPY.txt,jikh,2026-06-15,HIBozcOlQPY,china_deglobalization,6,1.4814814814814814,18:38,True
jikh_2026-06-15_HIBozcOlQPY.txt,jikh,2026-06-15,HIBozcOlQPY,rotation_manufacturing,3,0.7407407407407407,22:12,False
jikh_2026-06-15_HIBozcOlQPY.txt,jikh,2026-06-15,HIBozcOlQPY,crypto,5,1.2345679012345678,13:03,True
jikh_2026-06-15_HIBozcOlQPY.txt,jikh,2026-06-15,HIBozcOlQPY,digital_control,0,0.0,,False
jikh_2026-06-15_HIBozcOlQPY.txt,jikh,2026-06-15,HIBozcOlQPY,housing,1,0.2469135802469136,10:57,False
jikh_2026-06-22_nHy5u06we_s.txt,jikh,2026-06-22,nHy5u06we_s,oil_energy,17,3.847024213622992,0:07,True
jikh_2026-06-22_nHy5u06we_s.txt,jikh,2026-06-22,nHy5u06we_s,inflation,28,6.336275175379045,3:29,True
jikh_2026-06-22_nHy5u06we_s.txt,jikh,2026-06-22,nHy5u06we_s,recession_labor,1,0.22629554197782303,8:55,False
jikh_2026-06-22_nHy5u06we_s.txt,jikh,2026-06-22,nHy5u06we_s,debt_credit,1,0.22629554197782303,18:24,False
jikh_2026-06-22_nHy5u06we_s.txt,jikh,2026-06-22,nHy5u06we_s,dollar_fx,6,1.357773251866938,12:57,True
jikh_2026-06-22_nHy5u06we_s.txt,jikh,2026-06-22,nHy5u06we_s,gold_silver,2,0.45259108395564607,24:11,False
jikh_2026-06-22_nHy5u06we_s.txt,jikh,2026-06-22,nHy5u06we_s,ai_tech,5,1.1314777098891153,0:40,True
jikh_2026-06-22_nHy5u06we_s.txt,jikh,2026-06-22,nHy5u06we_s,valuation_bubble,0,0.0,,False
jikh_2026-06-22_nHy5u06we_s.txt,jikh,2026-06-22,nHy5u06we_s,liquidity_rates,25,5.657388549445576,1:32,True
jikh_2026-06-22_nHy5u06we_s.txt,jikh,2026-06-22,nHy5u06we_s,china_deglobalization,0,0.0,,False
jikh_2026-06-22_nHy5u06we_s.txt,jikh,2026-06-22,nHy5u06we_s,rotation_manufacturing,3,0.678886625933469,0:32,False
jikh_2026-06-22_nHy5u06we_s.txt,jikh,2026-06-22,nHy5u06we_s,crypto,2,0.45259108395564607,24:11,False
jikh_2026-06-22_nHy5u06we_s.txt,jikh,2026-06-22,nHy5u06we_s,digital_control,1,0.22629554197782303,0:40,False
jikh_2026-06-22_nHy5u06we_s.txt,jikh,2026-06-22,nHy5u06we_s,housing,0,0.0,,False
jikh_2026-06-24_r4xoOQ32KNM.txt,jikh,2026-06-24,r4xoOQ32KNM,oil_energy,3,0.6843065693430658,2:10,False
jikh_2026-06-24_r4xoOQ32KNM.txt,jikh,2026-06-24,r4xoOQ32KNM,inflation,3,0.6843065693430658,10:48,False
jikh_2026-06-24_r4xoOQ32KNM.txt,jikh,2026-06-24,r4xoOQ32KNM,recession_labor,0,0.0,,False
jikh_2026-06-24_r4xoOQ32KNM.txt,jikh,2026-06-24,r4xoOQ32KNM,debt_credit,1,0.2281021897810219,21:49,False
jikh_2026-06-24_r4xoOQ32KNM.txt,jikh,2026-06-24,r4xoOQ32KNM,dollar_fx,8,1.8248175182481752,0:22,True
jikh_2026-06-24_r4xoOQ32KNM.txt,jikh,2026-06-24,r4xoOQ32KNM,gold_silver,2,0.4562043795620438,10:56,False
jikh_2026-06-24_r4xoOQ32KNM.txt,jikh,2026-06-24,r4xoOQ32KNM,ai_tech,17,3.877737226277372,0:22,True
jikh_2026-06-24_r4xoOQ32KNM.txt,jikh,2026-06-24,r4xoOQ32KNM,valuation_bubble,0,0.0,,False
jikh_2026-06-24_r4xoOQ32KNM.txt,jikh,2026-06-24,r4xoOQ32KNM,liquidity_rates,2,0.4562043795620438,13:02,False
jikh_2026-06-24_r4xoOQ32KNM.txt,jikh,2026-06-24,r4xoOQ32KNM,china_deglobalization,3,0.6843065693430658,8:10,False
jikh_2026-06-24_r4xoOQ32KNM.txt,jikh,2026-06-24,r4xoOQ32KNM,rotation_manufacturing,17,3.877737226277372,9:53,True
jikh_2026-06-24_r4xoOQ32KNM.txt,jikh,2026-06-24,r4xoOQ32KNM,crypto,2,0.4562043795620438,9:53,False
jikh_2026-06-24_r4xoOQ32KNM.txt,jikh,2026-06-24,r4xoOQ32KNM,digital_control,5,1.1405109489051093,10:09,True
jikh_2026-06-24_r4xoOQ32KNM.txt,jikh,2026-06-24,r4xoOQ32KNM,housing,1,0.2281021897810219,3:08,False
jikh_2026-06-30_Z_xvkbGWauU.txt,jikh,2026-06-30,Z_xvkbGWauU,oil_energy,0,0.0,,False
jikh_2026-06-30_Z_xvkbGWauU.txt,jikh,2026-06-30,Z_xvkbGWauU,inflation,1,0.23397285914833882,24:56,False
jikh_2026-06-30_Z_xvkbGWauU.txt,jikh,2026-06-30,Z_xvkbGWauU,recession_labor,0,0.0,,False
jikh_2026-06-30_Z_xvkbGWauU.txt,jikh,2026-06-30,Z_xvkbGWauU,debt_credit,1,0.23397285914833882,14:11,False
jikh_2026-06-30_Z_xvkbGWauU.txt,jikh,2026-06-30,Z_xvkbGWauU,dollar_fx,21,4.913430042115114,4:19,True
jikh_2026-06-30_Z_xvkbGWauU.txt,jikh,2026-06-30,Z_xvkbGWauU,gold_silver,80,18.717828731867105,0:02,True
jikh_2026-06-30_Z_xvkbGWauU.txt,jikh,2026-06-30,Z_xvkbGWauU,ai_tech,0,0.0,,False
jikh_2026-06-30_Z_xvkbGWauU.txt,jikh,2026-06-30,Z_xvkbGWauU,valuation_bubble,0,0.0,,False
jikh_2026-06-30_Z_xvkbGWauU.txt,jikh,2026-06-30,Z_xvkbGWauU,liquidity_rates,1,0.23397285914833882,22:29,False
jikh_2026-06-30_Z_xvkbGWauU.txt,jikh,2026-06-30,Z_xvkbGWauU,china_deglobalization,33,7.72110435189518,0:15,True
jikh_2026-06-30_Z_xvkbGWauU.txt,jikh,2026-06-30,Z_xvkbGWauU,rotation_manufacturing,2,0.46794571829667764,0:15,False
jikh_2026-06-30_Z_xvkbGWauU.txt,jikh,2026-06-30,Z_xvkbGWauU,crypto,0,0.0,,False
jikh_2026-06-30_Z_xvkbGWauU.txt,jikh,2026-06-30,Z_xvkbGWauU,digital_control,0,0.0,,False
jikh_2026-06-30_Z_xvkbGWauU.txt,jikh,2026-06-30,Z_xvkbGWauU,housing,0,0.0,,False
jikh_2026-07-07_siazPdsZHuI.txt,jikh,2026-07-07,siazPdsZHuI,oil_energy,0,0.0,,False
jikh_2026-07-07_siazPdsZHuI.txt,jikh,2026-07-07,siazPdsZHuI,inflation,0,0.0,,False
jikh_2026-07-07_siazPdsZHuI.txt,jikh,2026-07-07,siazPdsZHuI,recession_labor,0,0.0,,False
jikh_2026-07-07_siazPdsZHuI.txt,jikh,2026-07-07,siazPdsZHuI,debt_credit,9,1.6574585635359116,23:42,True
jikh_2026-07-07_siazPdsZHuI.txt,jikh,2026-07-07,siazPdsZHuI,dollar_fx,7,1.2891344383057088,4:08,True
jikh_2026-07-07_siazPdsZHuI.txt,jikh,2026-07-07,siazPdsZHuI,gold_silver,0,0.0,,False
jikh_2026-07-07_siazPdsZHuI.txt,jikh,2026-07-07,siazPdsZHuI,ai_tech,88,16.206261510128915,0:14,True
jikh_2026-07-07_siazPdsZHuI.txt,jikh,2026-07-07,siazPdsZHuI,valuation_bubble,13,2.3941068139963164,0:00,True
jikh_2026-07-07_siazPdsZHuI.txt,jikh,2026-07-07,siazPdsZHuI,liquidity_rates,2,0.3683241252302026,24:30,False
jikh_2026-07-07_siazPdsZHuI.txt,jikh,2026-07-07,siazPdsZHuI,china_deglobalization,24,4.419889502762431,0:34,True
jikh_2026-07-07_siazPdsZHuI.txt,jikh,2026-07-07,siazPdsZHuI,rotation_manufacturing,1,0.1841620626151013,10:05,False
jikh_2026-07-07_siazPdsZHuI.txt,jikh,2026-07-07,siazPdsZHuI,crypto,0,0.0,,False
jikh_2026-07-07_siazPdsZHuI.txt,jikh,2026-07-07,siazPdsZHuI,digital_control,0,0.0,,False
jikh_2026-07-07_siazPdsZHuI.txt,jikh,2026-07-07,siazPdsZHuI,housing,2,0.3683241252302026,26:31,False
jikh_2026-07-15_dFjvcY9Tth0.txt,jikh,2026-07-15,dFjvcY9Tth0,oil_energy,1,0.19665683382497542,14:49,False
jikh_2026-07-15_dFjvcY9Tth0.txt,jikh,2026-07-15,dFjvcY9Tth0,inflation,3,0.5899705014749262,16:29,False
jikh_2026-07-15_dFjvcY9Tth0.txt,jikh,2026-07-15,dFjvcY9Tth0,recession_labor,0,0.0,,False
jikh_2026-07-15_dFjvcY9Tth0.txt,jikh,2026-07-15,dFjvcY9Tth0,debt_credit,3,0.5899705014749262,3:38,False
jikh_2026-07-15_dFjvcY9Tth0.txt,jikh,2026-07-15,dFjvcY9Tth0,dollar_fx,22,4.326450344149459,9:41,True
jikh_2026-07-15_dFjvcY9Tth0.txt,jikh,2026-07-15,dFjvcY9Tth0,gold_silver,54,10.619469026548673,0:00,True
jikh_2026-07-15_dFjvcY9Tth0.txt,jikh,2026-07-15,dFjvcY9Tth0,ai_tech,0,0.0,,False
jikh_2026-07-15_dFjvcY9Tth0.txt,jikh,2026-07-15,dFjvcY9Tth0,valuation_bubble,1,0.19665683382497542,15:22,False
jikh_2026-07-15_dFjvcY9Tth0.txt,jikh,2026-07-15,dFjvcY9Tth0,liquidity_rates,1,0.19665683382497542,17:33,False
jikh_2026-07-15_dFjvcY9Tth0.txt,jikh,2026-07-15,dFjvcY9Tth0,china_deglobalization,44,8.652900688298917,0:00,True
jikh_2026-07-15_dFjvcY9Tth0.txt,jikh,2026-07-15,dFjvcY9Tth0,rotation_manufacturing,9,1.7699115044247788,5:53,True
jikh_2026-07-15_dFjvcY9Tth0.txt,jikh,2026-07-15,dFjvcY9Tth0,crypto,0,0.0,,False
jikh_2026-07-15_dFjvcY9Tth0.txt,jikh,2026-07-15,dFjvcY9Tth0,digital_control,0,0.0,,False
jikh_2026-07-15_dFjvcY9Tth0.txt,jikh,2026-07-15,dFjvcY9Tth0,housing,1,0.19665683382497542,12:22,False
jikh_2026-07-20_hy90LdpEUvQ.txt,jikh,2026-07-20,hy90LdpEUvQ,oil_energy,0,0.0,,False
jikh_2026-07-20_hy90LdpEUvQ.txt,jikh,2026-07-20,hy90LdpEUvQ,inflation,0,0.0,,False
jikh_2026-07-20_hy90LdpEUvQ.txt,jikh,2026-07-20,hy90LdpEUvQ,recession_labor,0,0.0,,False
jikh_2026-07-20_hy90LdpEUvQ.txt,jikh,2026-07-20,hy90LdpEUvQ,debt_credit,8,2.0010005002501248,8:17,True
jikh_2026-07-20_hy90LdpEUvQ.txt,jikh,2026-07-20,hy90LdpEUvQ,dollar_fx,2,0.5002501250625312,17:35,False
jikh_2026-07-20_hy90LdpEUvQ.txt,jikh,2026-07-20,hy90LdpEUvQ,gold_silver,0,0.0,,False
jikh_2026-07-20_hy90LdpEUvQ.txt,jikh,2026-07-20,hy90LdpEUvQ,ai_tech,25,6.253126563281641,6:41,True
jikh_2026-07-20_hy90LdpEUvQ.txt,jikh,2026-07-20,hy90LdpEUvQ,valuation_bubble,9,2.2511255627813904,9:11,True
jikh_2026-07-20_hy90LdpEUvQ.txt,jikh,2026-07-20,hy90LdpEUvQ,liquidity_rates,0,0.0,,False
jikh_2026-07-20_hy90LdpEUvQ.txt,jikh,2026-07-20,hy90LdpEUvQ,china_deglobalization,1,0.2501250625312656,12:36,False
jikh_2026-07-20_hy90LdpEUvQ.txt,jikh,2026-07-20,hy90LdpEUvQ,rotation_manufacturing,0,0.0,,False
jikh_2026-07-20_hy90LdpEUvQ.txt,jikh,2026-07-20,hy90LdpEUvQ,crypto,0,0.0,,False
jikh_2026-07-20_hy90LdpEUvQ.txt,jikh,2026-07-20,hy90LdpEUvQ,digital_control,0,0.0,,False
jikh_2026-07-20_hy90LdpEUvQ.txt,jikh,2026-07-20,hy90LdpEUvQ,housing,1,0.2501250625312656,3:58,False
jikh_2026-07-28_YBhwK-VWsxY.txt,jikh,2026-07-28,YBhwK-VWsxY,oil_energy,3,0.6243496357960457,9:18,False
jikh_2026-07-28_YBhwK-VWsxY.txt,jikh,2026-07-28,YBhwK-VWsxY,inflation,17,3.5379812695109263,4:08,True
jikh_2026-07-28_YBhwK-VWsxY.txt,jikh,2026-07-28,YBhwK-VWsxY,recession_labor,0,0.0,,False
jikh_2026-07-28_YBhwK-VWsxY.txt,jikh,2026-07-28,YBhwK-VWsxY,debt_credit,23,4.786680541103018,1:48,True
jikh_2026-07-28_YBhwK-VWsxY.txt,jikh,2026-07-28,YBhwK-VWsxY,dollar_fx,73,15.192507804370448,1:43,True
jikh_2026-07-28_YBhwK-VWsxY.txt,jikh,2026-07-28,YBhwK-VWsxY,gold_silver,0,0.0,,False
jikh_2026-07-28_YBhwK-VWsxY.txt,jikh,2026-07-28,YBhwK-VWsxY,ai_tech,2,0.4162330905306972,6:20,False
jikh_2026-07-28_YBhwK-VWsxY.txt,jikh,2026-07-28,YBhwK-VWsxY,valuation_bubble,1,0.2081165452653486,4:08,False
jikh_2026-07-28_YBhwK-VWsxY.txt,jikh,2026-07-28,YBhwK-VWsxY,liquidity_rates,24,4.994797086368366,1:48,True
jikh_2026-07-28_YBhwK-VWsxY.txt,jikh,2026-07-28,YBhwK-VWsxY,china_deglobalization,0,0.0,,False
jikh_2026-07-28_YBhwK-VWsxY.txt,jikh,2026-07-28,YBhwK-VWsxY,rotation_manufacturing,0,0.0,,False
jikh_2026-07-28_YBhwK-VWsxY.txt,jikh,2026-07-28,YBhwK-VWsxY,crypto,17,3.5379812695109263,6:20,True
jikh_2026-07-28_YBhwK-VWsxY.txt,jikh,2026-07-28,YBhwK-VWsxY,digital_control,0,0.0,,False
jikh_2026-07-28_YBhwK-VWsxY.txt,jikh,2026-07-28,YBhwK-VWsxY,housing,3,0.6243496357960457,3:54,False
jikh_2026-08-05_dlaVKt9-Tfg.txt,jikh,2026-08-05,dlaVKt9-Tfg,oil_energy,1,0.22753128555176336,24:38,False
jikh_2026-08-05_dlaVKt9-Tfg.txt,jikh,2026-08-05,dlaVKt9-Tfg,inflation,5,1.1376564277588168,4:56,True
jikh_2026-08-05_dlaVKt9-Tfg.txt,jikh,2026-08-05,dlaVKt9-Tfg,recession_labor,3,0.6825938566552902,4:07,False
jikh_2026-08-05_dlaVKt9-Tfg.txt,jikh,2026-08-05,dlaVKt9-Tfg,debt_credit,11,2.502844141069397,3:44,True
jikh_2026-08-05_dlaVKt9-Tfg.txt,jikh,2026-08-05,dlaVKt9-Tfg,dollar_fx,74,16.83731513083049,0:00,True
jikh_2026-08-05_dlaVKt9-Tfg.txt,jikh,2026-08-05,dlaVKt9-Tfg,gold_silver,8,1.8202502844141069,6:36,True
jikh_2026-08-05_dlaVKt9-Tfg.txt,jikh,2026-08-05,dlaVKt9-Tfg,ai_tech,2,0.4550625711035267,6:36,False
jikh_2026-08-05_dlaVKt9-Tfg.txt,jikh,2026-08-05,dlaVKt9-Tfg,valuation_bubble,0,0.0,,False
jikh_2026-08-05_dlaVKt9-Tfg.txt,jikh,2026-08-05,dlaVKt9-Tfg,liquidity_rates,16,3.6405005688282137,6:44,True
jikh_2026-08-05_dlaVKt9-Tfg.txt,jikh,2026-08-05,dlaVKt9-Tfg,china_deglobalization,2,0.4550625711035267,5:42,False
jikh_2026-08-05_dlaVKt9-Tfg.txt,jikh,2026-08-05,dlaVKt9-Tfg,rotation_manufacturing,1,0.22753128555176336,22:04,False
jikh_2026-08-05_dlaVKt9-Tfg.txt,jikh,2026-08-05,dlaVKt9-Tfg,crypto,3,0.6825938566552902,6:36,False
jikh_2026-08-05_dlaVKt9-Tfg.txt,jikh,2026-08-05,dlaVKt9-Tfg,digital_control,0,0.0,,False
jikh_2026-08-05_dlaVKt9-Tfg.txt,jikh,2026-08-05,dlaVKt9-Tfg,housing,3,0.6825938566552902,15:25,False
jikh_2026-08-10_Uw84lTiD5C8.txt,jikh,2026-08-10,Uw84lTiD5C8,oil_energy,2,0.5305039787798408,2:36,False
jikh_2026-08-10_Uw84lTiD5C8.txt,jikh,2026-08-10,Uw84lTiD5C8,inflation,0,0.0,,False
jikh_2026-08-10_Uw84lTiD5C8.txt,jikh,2026-08-10,Uw84lTiD5C8,recession_labor,0,0.0,,False
jikh_2026-08-10_Uw84lTiD5C8.txt,jikh,2026-08-10,Uw84lTiD5C8,debt_credit,1,0.2652519893899204,8:05,False
jikh_2026-08-10_Uw84lTiD5C8.txt,jikh,2026-08-10,Uw84lTiD5C8,dollar_fx,17,4.5092838196286475,0:00,True
jikh_2026-08-10_Uw84lTiD5C8.txt,jikh,2026-08-10,Uw84lTiD5C8,gold_silver,3,0.7957559681697612,2:36,False
jikh_2026-08-10_Uw84lTiD5C8.txt,jikh,2026-08-10,Uw84lTiD5C8,ai_tech,3,0.7957559681697612,4:53,False
jikh_2026-08-10_Uw84lTiD5C8.txt,jikh,2026-08-10,Uw84lTiD5C8,valuation_bubble,0,0.0,,False
jikh_2026-08-10_Uw84lTiD5C8.txt,jikh,2026-08-10,Uw84lTiD5C8,liquidity_rates,2,0.5305039787798408,7:19,False
jikh_2026-08-10_Uw84lTiD5C8.txt,jikh,2026-08-10,Uw84lTiD5C8,china_deglobalization,2,0.5305039787798408,19:26,False
jikh_2026-08-10_Uw84lTiD5C8.txt,jikh,2026-08-10,Uw84lTiD5C8,rotation_manufacturing,0,0.0,,False
jikh_2026-08-10_Uw84lTiD5C8.txt,jikh,2026-08-10,Uw84lTiD5C8,crypto,36,9.549071618037134,0:43,True
jikh_2026-08-10_Uw84lTiD5C8.txt,jikh,2026-08-10,Uw84lTiD5C8,digital_control,3,0.7957559681697612,14:04,False
jikh_2026-08-10_Uw84lTiD5C8.txt,jikh,2026-08-10,Uw84lTiD5C8,housing,0,0.0,,False
jikh_2026-08-19__YXDHskRP6Y.txt,jikh,2026-08-19,_YXDHskRP6Y,oil_energy,0,0.0,,False
jikh_2026-08-19__YXDHskRP6Y.txt,jikh,2026-08-19,_YXDHskRP6Y,inflation,0,0.0,,False
jikh_2026-08-19__YXDHskRP6Y.txt,jikh,2026-08-19,_YXDHskRP6Y,recession_labor,0,0.0,,False
jikh_2026-08-19__YXDHskRP6Y.txt,jikh,2026-08-19,_YXDHskRP6Y,debt_credit,27,6.2761506276150625,0:34,True
jikh_2026-08-19__YXDHskRP6Y.txt,jikh,2026-08-19,_YXDHskRP6Y,dollar_fx,3,0.6973500697350069,11:59,False
jikh_2026-08-19__YXDHskRP6Y.txt,jikh,2026-08-19,_YXDHskRP6Y,gold_silver,0,0.0,,False
jikh_2026-08-19__YXDHskRP6Y.txt,jikh,2026-08-19,_YXDHskRP6Y,ai_tech,24,5.578800557880055,0:00,True
jikh_2026-08-19__YXDHskRP6Y.txt,jikh,2026-08-19,_YXDHskRP6Y,valuation_bubble,2,0.46490004649000466,3:18,False
jikh_2026-08-19__YXDHskRP6Y.txt,jikh,2026-08-19,_YXDHskRP6Y,liquidity_rates,4,0.9298000929800093,12:18,False
jikh_2026-08-19__YXDHskRP6Y.txt,jikh,2026-08-19,_YXDHskRP6Y,china_deglobalization,0,0.0,,False
jikh_2026-08-19__YXDHskRP6Y.txt,jikh,2026-08-19,_YXDHskRP6Y,rotation_manufacturing,0,0.0,,False
jikh_2026-08-19__YXDHskRP6Y.txt,jikh,2026-08-19,_YXDHskRP6Y,crypto,0,0.0,,False
jikh_2026-08-19__YXDHskRP6Y.txt,jikh,2026-08-19,_YXDHskRP6Y,digital_control,0,0.0,,False
jikh_2026-08-19__YXDHskRP6Y.txt,jikh,2026-08-19,_YXDHskRP6Y,housing,3,0.6973500697350069,5:47,False
jikh_2026-08-25_gVksaXViB4E.txt,jikh,2026-08-25,gVksaXViB4E,oil_energy,0,0.0,,False
jikh_2026-08-25_gVksaXViB4E.txt,jikh,2026-08-25,gVksaXViB4E,inflation,5,0.9531071292413268,14:10,False
jikh_2026-08-25_gVksaXViB4E.txt,jikh,2026-08-25,gVksaXViB4E,recession_labor,0,0.0,,False
jikh_2026-08-25_gVksaXViB4E.txt,jikh,2026-08-25,gVksaXViB4E,debt_credit,44,8.387342737323674,1:06,True
jikh_2026-08-25_gVksaXViB4E.txt,jikh,2026-08-25,gVksaXViB4E,dollar_fx,48,9.149828440716735,0:00,True
jikh_2026-08-25_gVksaXViB4E.txt,jikh,2026-08-25,gVksaXViB4E,gold_silver,17,3.240564239420511,1:24,True
jikh_2026-08-25_gVksaXViB4E.txt,jikh,2026-08-25,gVksaXViB4E,ai_tech,1,0.19062142584826536,2:47,False
jikh_2026-08-25_gVksaXViB4E.txt,jikh,2026-08-25,gVksaXViB4E,valuation_bubble,0,0.0,,False
jikh_2026-08-25_gVksaXViB4E.txt,jikh,2026-08-25,gVksaXViB4E,liquidity_rates,21,4.003049942813572,2:22,True
jikh_2026-08-25_gVksaXViB4E.txt,jikh,2026-08-25,gVksaXViB4E,china_deglobalization,1,0.19062142584826536,8:10,False
jikh_2026-08-25_gVksaXViB4E.txt,jikh,2026-08-25,gVksaXViB4E,rotation_manufacturing,0,0.0,,False
jikh_2026-08-25_gVksaXViB4E.txt,jikh,2026-08-25,gVksaXViB4E,crypto,2,0.3812428516965307,2:47,False
jikh_2026-08-25_gVksaXViB4E.txt,jikh,2026-08-25,gVksaXViB4E,digital_control,0,0.0,,False
jikh_2026-08-25_gVksaXViB4E.txt,jikh,2026-08-25,gVksaXViB4E,housing,1,0.19062142584826536,18:46,False
jikh_2026-09-02_NZpobX6MQVA.txt,jikh,2026-09-02,NZpobX6MQVA,oil_energy,0,0.0,,False
jikh_2026-09-02_NZpobX6MQVA.txt,jikh,2026-09-02,NZpobX6MQVA,inflation,2,0.4299226139294927,24:17,False
jikh_2026-09-02_NZpobX6MQVA.txt,jikh,2026-09-02,NZpobX6MQVA,recession_labor,0,0.0,,False
jikh_2026-09-02_NZpobX6MQVA.txt,jikh,2026-09-02,NZpobX6MQVA,debt_credit,22,4.729148753224419,11:55,True
jikh_2026-09-02_NZpobX6MQVA.txt,jikh,2026-09-02,NZpobX6MQVA,dollar_fx,3,0.6448839208942391,18:23,False
jikh_2026-09-02_NZpobX6MQVA.txt,jikh,2026-09-02,NZpobX6MQVA,gold_silver,0,0.0,,False
jikh_2026-09-02_NZpobX6MQVA.txt,jikh,2026-09-02,NZpobX6MQVA,ai_tech,16,3.4393809114359417,0:00,True
jikh_2026-09-02_NZpobX6MQVA.txt,jikh,2026-09-02,NZpobX6MQVA,valuation_bubble,0,0.0,,False
jikh_2026-09-02_NZpobX6MQVA.txt,jikh,2026-09-02,NZpobX6MQVA,liquidity_rates,9,1.934651762682717,5:36,True
jikh_2026-09-02_NZpobX6MQVA.txt,jikh,2026-09-02,NZpobX6MQVA,china_deglobalization,1,0.21496130696474636,14:51,False
jikh_2026-09-02_NZpobX6MQVA.txt,jikh,2026-09-02,NZpobX6MQVA,rotation_manufacturing,0,0.0,,False
jikh_2026-09-02_NZpobX6MQVA.txt,jikh,2026-09-02,NZpobX6MQVA,crypto,1,0.21496130696474636,17:24,False
jikh_2026-09-02_NZpobX6MQVA.txt,jikh,2026-09-02,NZpobX6MQVA,digital_control,7,1.5047291487532244,4:48,True
jikh_2026-09-02_NZpobX6MQVA.txt,jikh,2026-09-02,NZpobX6MQVA,housing,1,0.21496130696474636,5:27,False
jikh_2026-09-10_iBxWsP8k9XM.txt,jikh,2026-09-10,iBxWsP8k9XM,oil_energy,22,4.336684407648335,2:54,True
jikh_2026-09-10_iBxWsP8k9XM.txt,jikh,2026-09-10,iBxWsP8k9XM,inflation,10,1.9712201852946971,3:28,True
jikh_2026-09-10_iBxWsP8k9XM.txt,jikh,2026-09-10,iBxWsP8k9XM,recession_labor,0,0.0,,False
jikh_2026-09-10_iBxWsP8k9XM.txt,jikh,2026-09-10,iBxWsP8k9XM,debt_credit,25,4.928050463236744,0:21,True
jikh_2026-09-10_iBxWsP8k9XM.txt,jikh,2026-09-10,iBxWsP8k9XM,dollar_fx,13,2.562586240883107,4:48,True
jikh_2026-09-10_iBxWsP8k9XM.txt,jikh,2026-09-10,iBxWsP8k9XM,gold_silver,8,1.576976148235758,0:41,True
jikh_2026-09-10_iBxWsP8k9XM.txt,jikh,2026-09-10,iBxWsP8k9XM,ai_tech,0,0.0,,False
jikh_2026-09-10_iBxWsP8k9XM.txt,jikh,2026-09-10,iBxWsP8k9XM,valuation_bubble,0,0.0,,False
jikh_2026-09-10_iBxWsP8k9XM.txt,jikh,2026-09-10,iBxWsP8k9XM,liquidity_rates,27,5.322294500295683,1:30,True
jikh_2026-09-10_iBxWsP8k9XM.txt,jikh,2026-09-10,iBxWsP8k9XM,china_deglobalization,26,5.125172481766214,0:00,True
jikh_2026-09-10_iBxWsP8k9XM.txt,jikh,2026-09-10,iBxWsP8k9XM,rotation_manufacturing,1,0.19712201852946976,3:02,False
jikh_2026-09-10_iBxWsP8k9XM.txt,jikh,2026-09-10,iBxWsP8k9XM,crypto,0,0.0,,False
jikh_2026-09-10_iBxWsP8k9XM.txt,jikh,2026-09-10,iBxWsP8k9XM,digital_control,0,0.0,,False
jikh_2026-09-10_iBxWsP8k9XM.txt,jikh,2026-09-10,iBxWsP8k9XM,housing,3,0.5913660555884093,3:39,False
jikh_2026-09-16_xSXNSt0m-go.txt,jikh,2026-09-16,xSXNSt0m-go,oil_energy,2,0.40774719673802245,22:32,False
jikh_2026-09-16_xSXNSt0m-go.txt,jikh,2026-09-16,xSXNSt0m-go,inflation,0,0.0,,False
jikh_2026-09-16_xSXNSt0m-go.txt,jikh,2026-09-16,xSXNSt0m-go,recession_labor,0,0.0,,False
jikh_2026-09-16_xSXNSt0m-go.txt,jikh,2026-09-16,xSXNSt0m-go,debt_credit,2,0.40774719673802245,8:17,False
jikh_2026-09-16_xSXNSt0m-go.txt,jikh,2026-09-16,xSXNSt0m-go,dollar_fx,1,0.20387359836901123,3:15,False
jikh_2026-09-16_xSXNSt0m-go.txt,jikh,2026-09-16,xSXNSt0m-go,gold_silver,0,0.0,,False
jikh_2026-09-16_xSXNSt0m-go.txt,jikh,2026-09-16,xSXNSt0m-go,ai_tech,38,7.747196738022426,0:00,True
jikh_2026-09-16_xSXNSt0m-go.txt,jikh,2026-09-16,xSXNSt0m-go,valuation_bubble,1,0.20387359836901123,3:15,False
jikh_2026-09-16_xSXNSt0m-go.txt,jikh,2026-09-16,xSXNSt0m-go,liquidity_rates,0,0.0,,False
jikh_2026-09-16_xSXNSt0m-go.txt,jikh,2026-09-16,xSXNSt0m-go,china_deglobalization,4,0.8154943934760449,1:12,False
jikh_2026-09-16_xSXNSt0m-go.txt,jikh,2026-09-16,xSXNSt0m-go,rotation_manufacturing,0,0.0,,False
jikh_2026-09-16_xSXNSt0m-go.txt,jikh,2026-09-16,xSXNSt0m-go,crypto,3,0.6116207951070336,14:43,False
jikh_2026-09-16_xSXNSt0m-go.txt,jikh,2026-09-16,xSXNSt0m-go,digital_control,1,0.20387359836901123,5:33,False
jikh_2026-09-16_xSXNSt0m-go.txt,jikh,2026-09-16,xSXNSt0m-go,housing,0,0.0,,False
